pops,sample,Mass,PD,TDT,X2517,X2840,X2841,X3915,X4293,X4612,X4680,X4753,X5330,X6607,X6874,X6913,X7367,X9540,X10472,X10914,X11151,X11718,X11825,X11826,X11827,X11828,X11829,X12169,X12947,X12948,X13101,X13102,X13103,X13104,X13105,X13176,X14445,X14449,X14719,X14720,X14827,X14828,X15183,X15486,X15488,X15489,X16238,X16239,X17677,X17678,X17757,X19704,X20683,X21072,X21329,X21330,X21382,X21384,X21450,X22291,X22292,X22370,X25831,X25832,X25945,X25948,X27546,X28981,X28982,X29505,X29507,X31277,X31591,X31891,X31962,X33588,X33589,X33590,X34004,X34862,X35838,X35839,X35960,X36978,X37140,X37710,X37952,X38039,X38313,X38340,X38742,X38743,X39601,X40182,X40713,X40856,X41874,X42694,X44210,X44522,X45096,X45097,X45448,X47891,X48996,X50155,X50159,X50231,X51834,X51835,X51836,X51837,X51838,X51839,X51840,X51841,X51842,X52679,X52680,X53314,X53601,X54347,X54640,X54861,X54862,X55335,X55336,X55337,X57134,X57136,X57846,X58325,X58326,X59690,X59849,X59850,X59879,X61207,X64694,X64960,X65682,X65887,X65930,X65931,X65932,X66480,X66769,X66770,X66772,X66773,X66820,X67624,X68674,X69174,X69176,X69177,X69737,X69854,X70310,X70551,X71254,X71305,X71306,X71308,X71309,X71727,X72016,X72788,X73320,X75097,X75548,X77439,X79056,X79208,X79328,X79427,X80142,X80143,X81989,X82012,X82443,X82879,X82880,X82900,X82901,X82965,X82966,X83013,X84646,X84647,X85712,X85713,X85801,X85914,X85963,X86316,X86317,X86318,X86319,X86320,X86321,X86322,X86323,X86539,X86541,X86542,X86543,X86695,X86806,X88176,X88472,X88531,X88532,X88964,X89360,X89361,X89362,X89363,X89364,X90675,X90676,X90791
VA1,VA1_336,0.222,8,78,2,1,1,2,0,0,0,0,0,0,2,1,2,1,0,0,1,0,1,1,1,1,1,0,2,0,1,1,1,1,1,2,1,1,0,0,1,1,2,1,1,1,0,0,2,2,2,0,1,0,0,0,1,1,1,2,2,1,2,0,1,1,1,2,2,1,1,1,1,1,0,1,1,1,2,2,2,2,0,2,2,2,0,1,0,0,1,1,1,1,2,0,2,0,0,0,0,0,0,0,0,1,1,2,0,0,0,0,0,0,0,0,0,1,1,1,0,1,1,1,1,2,2,2,0,0,2,1,1,0,1,1,1,1,1,1,0,1,1,1,1,0,1,1,2,2,2,1,0,1,1,1,0,0,0,0,1,2,2,2,2,1,0,1,1,0,1,0,2,1,2,0,2,2,2,0,2,0,0,0,1,1,0,1,0,2,1,1,0,1,0,0,2,0,0,0,0,0,0,1,1,1,1,0,1,1,0,2,2,0,1,1,1,1,1,0,0,1
NC,NC_217,0.377,11,77,1,1,1,0,0,0,1,1,2,1,1,0,0,0,0,1,2,0,1,1,1,1,1,0,0,2,2,2,2,2,0,1,1,1,1,1,1,1,2,1,1,1,1,1,0,0,1,1,2,1,2,2,2,0,2,1,1,0,2,0,1,1,2,0,1,0,0,1,0,1,2,0,0,0,2,1,0,0,0,1,0,1,1,0,2,2,1,1,0,1,0,0,1,2,0,0,0,0,1,2,1,1,1,1,0,0,0,0,0,0,0,0,0,1,1,1,1,2,2,2,2,1,1,1,1,1,0,1,1,1,1,1,0,0,2,1,2,1,0,0,0,2,0,0,0,0,0,1,1,1,1,1,0,1,1,1,0,2,2,2,2,2,1,0,1,1,0,1,1,0,1,1,0,0,0,0,1,2,2,2,1,0,2,1,0,2,2,2,1,2,1,0,2,0,0,0,0,0,0,0,0,0,0,0,2,1,2,0,0,1,2,2,1,1,1,1,1,1
QC93,QC93_121,0.3,9,71,0,1,1,0,1,1,2,0,2,2,1,2,2,2,0,2,1,2,2,2,2,2,2,2,0,2,0,0,0,0,2,0,1,1,0,0,0,0,0,1,1,1,2,2,0,0,0,1,2,0,1,1,0,2,0,1,1,0,1,1,1,1,0,1,1,1,1,1,1,0,0,1,1,1,0,1,1,0,0,0,1,0,1,0,1,1,2,2,2,1,2,1,0,0,1,0,0,0,1,2,1,2,2,2,1,1,1,1,1,1,1,1,1,0,0,2,1,2,1,0,0,1,1,1,1,1,0,0,0,0,2,2,1,0,0,0,1,0,1,1,1,0,1,1,0,0,2,2,1,1,1,1,1,1,2,0,1,0,0,0,0,1,2,1,0,1,0,1,2,0,0,0,1,1,2,1,0,1,1,1,1,2,0,1,0,2,1,1,1,2,0,2,0,2,2,2,2,2,2,1,1,1,1,1,0,1,1,0,0,1,1,1,0,0,0,1,1,1
QC32,QC32_396,0.291,9,79,1,1,1,0,1,1,1,2,1,0,1,1,1,0,1,1,1,2,1,1,1,1,1,1,1,1,1,1,1,1,1,1,1,1,0,0,2,2,1,0,1,1,2,2,1,1,0,2,1,2,1,0,1,1,1,2,2,1,0,0,1,1,0,2,2,1,1,0,0,1,1,1,1,1,1,1,0,0,2,1,0,0,1,0,2,2,2,2,1,1,2,1,1,1,1,0,1,1,2,1,0,2,2,0,1,1,1,1,1,1,1,1,1,0,0,1,0,0,0,1,1,2,2,2,1,1,2,1,1,2,1,1,0,1,1,0,1,0,0,0,0,1,2,0,1,2,1,1,1,1,1,1,2,1,1,0,1,1,1,1,1,1,1,0,1,1,1,0,1,1,0,2,1,1,1,1,0,1,1,1,2,0,0,1,1,1,2,2,2,1,1,1,1,1,1,1,1,1,1,0,0,0,0,0,0,1,0,0,0,1,1,1,1,1,1,0,0,0
NY,NY_110,0.281,13,72,1,0,0,0,0,1,2,0,2,0,1,1,0,1,2,0,1,1,1,1,1,1,1,0,2,0,1,1,1,1,1,0,2,2,1,1,0,0,0,0,0,0,0,0,1,1,1,0,0,1,2,2,1,1,1,1,1,2,0,2,0,0,2,1,1,2,2,2,0,0,0,0,0,0,0,0,1,1,2,1,0,0,1,1,0,0,0,0,2,2,0,2,2,1,1,1,0,0,1,1,2,1,1,1,1,1,1,1,1,1,1,1,1,0,0,0,1,2,1,0,0,1,1,1,0,0,0,0,0,2,0,0,1,2,0,1,0,0,2,2,2,1,1,1,1,1,1,2,2,1,1,1,1,1,0,1,0,2,2,2,2,1,1,0,0,1,1,1,1,1,0,0,1,1,1,1,0,0,0,0,1,2,0,2,1,0,0,0,1,0,2,1,1,1,1,1,1,1,1,2,2,2,2,0,0,2,1,0,0,0,0,0,0,0,0,0,0,0
VA2,VA2_14,0.245,9,65,1,2,2,2,0,0,0,2,2,1,1,0,1,1,1,0,2,1,1,1,1,1,1,1,0,1,0,0,0,0,0,2,1,1,1,1,1,1,1,1,1,1,1,1,0,0,2,0,0,1,2,2,1,0,1,0,0,1,2,0,0,0,1,0,1,0,0,1,0,0,2,0,0,0,0,2,2,2,0,0,2,2,1,1,0,2,2,2,1,1,0,1,2,0,0,2,0,0,1,0,2,0,0,1,2,2,2,2,2,2,2,2,2,2,2,0,0,1,1,1,1,0,0,0,1,1,2,0,0,1,1,1,0,1,2,2,2,1,1,1,1,0,1,1,0,1,2,0,0,0,0,0,1,2,1,0,0,0,0,0,0,2,1,0,2,0,1,0,0,2,0,0,1,1,0,1,0,1,1,1,1,0,2,2,1,1,1,1,2,2,0,1,1,1,1,1,1,1,1,0,0,0,0,2,1,1,1,1,1,1,0,0,2,2,2,0,0,0
VA1,VA1_167,0.22,11,73,1,2,2,2,0,0,0,2,0,1,2,1,1,1,2,1,1,1,0,0,0,0,0,0,1,0,0,0,0,0,1,1,1,1,0,0,0,0,2,0,0,0,0,0,0,0,2,2,2,2,1,1,1,1,0,1,1,2,0,2,1,1,0,1,1,1,1,0,1,0,1,0,0,0,2,0,2,2,2,0,1,0,1,1,2,2,2,2,2,1,2,0,2,0,1,2,1,1,1,1,1,2,2,2,0,0,0,1,0,0,0,0,0,1,1,1,0,1,0,2,2,1,1,1,1,1,1,0,0,0,1,1,1,2,1,1,1,1,2,2,2,0,1,1,2,2,0,0,0,1,1,1,0,2,0,1,1,1,1,1,1,0,1,1,1,1,0,0,1,0,1,1,2,2,1,1,1,2,2,1,0,1,1,1,0,2,2,2,0,2,1,2,0,2,2,2,2,2,2,1,1,1,1,0,1,1,2,1,1,2,1,1,0,0,0,2,2,0
QC32,QC32_162,0.304,12,74,2,0,0,1,2,1,0,2,0,1,1,1,1,1,2,2,1,1,2,2,2,2,2,0,0,2,2,2,2,2,0,1,0,0,1,1,1,1,0,1,1,1,2,2,0,2,1,0,1,1,0,0,1,1,1,1,1,0,0,1,0,0,1,0,0,1,1,2,1,1,1,1,1,1,0,1,0,0,1,0,1,0,1,0,1,2,1,1,0,2,2,1,1,1,1,0,2,2,1,1,1,0,0,1,2,2,2,2,2,2,2,2,2,0,0,1,0,0,0,0,0,1,1,1,1,1,1,1,1,1,1,1,0,1,1,0,0,1,0,0,0,1,1,1,0,1,0,2,1,1,1,1,0,1,1,1,1,1,1,1,1,1,1,0,2,1,0,0,1,0,0,1,1,1,1,0,1,0,0,1,1,0,0,2,2,0,1,1,1,2,1,0,2,0,0,1,0,0,0,2,2,2,2,1,1,2,0,0,0,0,0,0,1,1,1,1,1,0
VA1,VA1_107,0.277,11,70,1,2,2,0,0,2,0,1,0,0,0,1,2,0,2,1,1,0,1,1,1,1,1,2,2,0,0,0,0,0,0,1,0,0,0,0,2,2,2,2,2,2,0,0,1,1,0,1,2,0,1,1,1,1,0,1,1,0,2,0,0,0,1,1,1,1,1,0,2,2,2,0,0,0,1,0,2,2,1,1,0,1,0,0,1,0,2,2,0,0,1,0,2,0,2,0,1,1,1,0,1,2,2,0,0,0,0,0,0,0,0,0,0,1,1,0,1,1,2,1,1,0,0,0,1,1,1,2,2,0,1,1,0,1,2,0,1,2,0,0,0,0,0,1,0,0,0,0,0,1,1,1,1,0,2,0,1,1,1,1,1,1,1,0,0,1,1,1,1,1,2,0,1,1,1,0,1,1,1,0,2,1,1,1,1,1,0,0,2,1,0,1,1,1,1,1,1,1,1,1,1,0,0,1,1,2,1,0,0,1,0,0,0,0,0,0,0,1
QC93,QC93_39,0.237,12,68,0,1,1,0,2,0,0,0,1,1,1,1,0,1,2,1,1,0,0,0,0,0,0,2,0,2,0,0,0,0,1,0,1,1,0,0,1,1,0,0,0,0,0,0,2,2,0,0,0,0,0,0,0,1,0,0,0,0,1,0,0,0,1,1,1,2,2,0,2,0,0,0,0,0,1,0,2,2,0,0,1,0,1,0,1,2,2,2,0,0,1,0,0,1,0,1,0,0,1,1,0,1,1,2,2,2,2,2,2,2,2,2,2,1,1,1,0,1,1,1,1,1,1,1,0,0,1,0,0,0,1,1,2,2,1,0,0,1,0,0,0,1,1,0,1,1,0,0,1,1,1,1,1,1,0,2,2,0,0,0,0,2,1,0,0,1,2,1,0,0,0,0,0,0,0,1,0,2,2,2,0,1,0,2,0,1,0,0,1,2,1,2,0,1,2,1,1,1,1,1,1,1,1,0,0,1,1,1,1,2,2,2,1,1,1,2,2,0
QC32,QC32_64,0.274,13,72,0,0,0,0,2,1,0,1,1,1,0,0,2,0,1,0,1,1,2,2,2,2,2,1,0,2,2,2,2,2,0,1,0,0,2,2,0,0,1,0,0,0,1,1,0,0,0,0,0,2,1,1,2,0,0,1,1,0,1,1,1,1,1,2,2,0,0,0,0,1,1,1,1,1,0,2,0,0,2,0,1,1,0,0,2,0,1,1,0,1,1,1,1,1,1,1,0,0,2,0,0,1,1,0,1,1,1,1,1,1,1,1,1,0,0,2,1,2,0,1,1,2,2,2,0,0,2,0,0,1,1,1,0,0,1,0,1,0,0,0,0,1,0,1,0,0,0,2,1,0,0,0,1,1,1,0,2,0,0,0,0,2,1,0,2,2,1,0,0,0,0,1,2,2,1,0,1,0,0,1,1,1,0,1,0,2,0,0,0,1,1,0,2,0,0,0,0,0,0,2,2,2,2,2,1,0,0,1,1,0,2,2,2,2,2,0,0,1
QC93,QC93_69,0.236,12,71,0,1,1,0,1,1,2,0,1,1,1,1,1,0,1,0,2,1,0,0,0,0,0,1,1,1,1,1,1,1,1,1,1,1,2,2,1,1,1,1,1,1,2,2,2,2,1,1,0,1,2,2,1,1,2,2,2,1,1,1,1,1,1,0,0,1,1,1,2,1,1,0,0,0,1,0,1,1,0,0,1,0,2,1,2,2,1,1,0,1,0,0,0,1,2,1,0,0,1,0,0,0,2,1,1,1,1,1,1,1,1,1,1,0,0,0,0,1,0,1,1,1,1,1,0,0,0,1,1,0,0,0,1,1,0,1,1,2,1,1,1,1,1,1,0,0,0,0,1,1,1,2,1,1,1,1,1,0,0,0,0,0,1,0,2,2,1,2,2,2,2,2,0,0,0,1,1,1,1,2,1,1,1,0,1,0,2,2,0,1,1,1,1,1,1,1,1,1,1,1,1,1,1,1,1,2,1,1,1,1,1,1,1,1,1,0,0,2
VA1,VA1_274,0.39,11,77,1,1,1,2,1,0,1,0,0,1,1,1,1,2,0,1,1,0,1,1,1,1,1,0,1,0,1,1,1,1,1,2,0,0,2,2,1,1,0,1,1,1,0,0,1,1,0,0,1,1,1,1,2,0,0,2,2,0,1,1,1,1,1,2,2,0,0,0,1,1,0,1,1,1,1,2,1,1,1,1,1,2,0,1,1,1,0,0,1,1,2,0,1,1,0,0,1,1,0,1,1,1,1,2,0,0,0,0,0,0,0,0,0,0,0,1,1,1,1,2,2,2,2,2,0,0,2,1,1,1,1,1,0,0,0,1,0,0,1,1,1,0,0,2,1,1,1,0,1,1,1,1,0,1,0,0,1,1,1,1,1,1,1,2,0,0,1,1,2,0,1,2,0,0,2,1,2,0,0,0,1,1,0,0,0,2,0,0,1,1,0,1,1,1,1,1,1,1,1,0,0,0,0,0,0,1,1,2,2,2,1,1,1,1,1,0,0,1
QC93,QC93_325,0.285,8,78,0,2,2,0,2,1,1,1,2,1,0,2,0,1,2,0,2,0,0,0,0,0,0,2,0,2,1,1,1,1,1,1,2,2,0,0,1,1,0,2,2,2,0,0,1,1,1,1,1,0,2,2,1,1,1,1,1,1,1,1,1,1,0,0,0,2,2,1,0,1,1,0,0,0,0,0,0,0,2,0,2,0,2,1,2,1,1,1,0,0,0,0,0,2,1,2,0,0,2,1,1,1,1,0,2,2,2,2,2,2,2,2,2,1,1,1,0,1,0,2,2,2,2,2,0,0,1,1,1,1,0,0,0,2,1,1,0,2,0,0,0,2,0,1,0,2,0,1,0,1,1,1,0,2,0,2,2,0,0,0,0,0,1,0,1,1,1,1,1,0,0,0,0,0,0,2,2,1,1,1,0,2,0,2,0,2,0,0,2,1,2,2,0,2,2,2,2,2,2,0,0,0,0,0,0,0,1,0,0,0,2,2,2,2,2,2,2,2
QC32,QC32_67,0.216,10,69,1,0,0,1,2,1,2,2,0,1,1,1,1,0,2,1,0,1,2,2,2,2,2,1,0,1,0,0,0,0,2,1,0,0,1,1,1,1,0,0,0,0,2,2,0,0,1,1,0,2,2,2,1,0,1,1,1,1,0,1,0,0,1,1,1,0,0,2,1,0,1,1,1,1,0,2,0,0,1,1,0,0,1,1,0,2,0,0,2,0,1,1,2,0,0,0,1,1,1,0,0,1,1,1,1,1,1,1,1,1,1,1,1,1,1,2,2,1,1,1,1,2,2,2,1,1,0,1,2,0,2,2,1,0,0,1,1,1,0,0,0,1,1,1,0,0,0,2,0,1,1,1,2,2,1,0,2,0,0,0,0,2,1,1,0,2,1,1,0,0,0,1,0,0,0,0,0,0,0,1,2,0,0,1,1,1,1,1,0,1,0,0,2,0,0,0,0,0,0,1,1,1,1,1,2,0,0,0,0,0,1,1,1,1,1,1,1,0
VA1,VA1_280,0.257,9,75,1,1,1,0,0,0,0,1,0,2,0,1,0,2,1,2,2,2,1,1,0,0,1,1,0,2,2,2,2,2,0,1,2,1,1,1,2,2,0,1,1,1,1,1,0,1,1,2,2,1,0,0,2,0,2,0,0,1,2,0,1,1,0,2,2,1,1,1,0,1,0,2,2,2,0,1,0,0,1,1,0,0,1,1,0,1,0,0,1,1,0,0,1,0,0,2,1,1,1,2,0,1,1,0,0,0,0,0,0,0,0,0,0,1,1,1,0,0,1,0,0,1,1,1,2,2,2,0,0,1,1,1,0,1,0,2,1,2,1,1,1,1,0,2,0,0,0,1,1,0,0,0,2,2,1,0,0,0,0,0,0,0,0,0,0,0,1,2,1,1,0,0,1,2,0,2,0,0,0,0,1,2,0,0,1,0,1,1,1,2,1,2,0,2,2,2,2,2,2,1,1,1,1,1,0,0,0,1,1,2,1,1,1,1,1,1,1,0
NC,NC_137,0.264,11,73,1,1,1,2,0,1,2,1,2,0,0,0,2,0,0,0,1,0,1,1,1,1,1,0,2,0,0,0,0,0,2,1,2,2,1,1,2,2,1,1,1,1,1,1,1,1,2,0,1,1,0,0,2,0,1,0,0,1,2,0,1,1,2,0,0,0,0,1,0,2,2,2,2,2,2,0,2,2,0,2,0,1,0,0,0,0,0,0,1,1,0,1,0,2,0,1,0,0,2,0,2,2,2,1,0,0,0,0,0,0,0,0,0,0,0,1,1,1,0,1,1,0,0,0,1,1,1,0,0,2,1,1,1,0,2,2,2,0,0,0,0,2,2,0,0,0,1,2,0,0,0,1,0,2,0,1,1,0,0,0,0,2,1,1,2,2,0,0,2,0,1,0,0,0,2,2,1,0,0,0,0,2,0,0,1,1,0,0,2,1,1,0,2,0,0,0,0,0,0,1,1,1,1,1,1,1,0,1,1,2,0,0,0,0,0,0,0,0
VA1,VA1_380,0.329,9,79,1,1,2,2,2,1,0,1,1,1,2,1,1,1,1,1,1,0,0,0,0,0,0,2,2,0,1,1,1,1,1,1,0,0,1,1,0,0,1,0,0,0,1,1,1,1,1,0,1,0,2,2,1,1,2,0,0,1,0,2,1,1,1,2,2,1,1,0,2,2,0,0,0,0,1,2,0,0,2,2,2,1,1,1,0,0,0,0,1,2,2,1,1,0,2,2,0,0,0,1,1,0,0,1,0,0,0,0,0,0,0,0,0,0,0,1,1,0,1,2,2,1,1,1,1,1,2,0,0,0,1,1,1,0,2,0,0,0,1,1,1,1,2,0,2,2,2,0,1,2,2,2,1,1,0,0,0,1,1,1,1,1,1,2,1,1,1,0,1,0,2,2,1,2,1,0,0,1,1,1,1,0,1,1,0,1,1,1,0,1,0,2,0,2,2,2,2,2,2,2,2,2,2,1,0,1,0,1,1,1,1,1,1,1,1,1,1,1
VA1,VA1_170,0.29,11,73,1,2,2,1,2,1,0,1,1,0,0,1,1,2,1,1,0,1,1,1,1,1,1,0,1,1,2,2,2,2,0,1,1,0,1,1,1,1,1,1,1,1,1,1,1,1,2,0,0,0,1,1,1,1,0,1,1,0,1,1,1,1,0,1,1,1,1,0,1,0,0,1,1,1,1,0,0,0,1,0,0,0,1,0,1,2,0,0,1,1,1,1,0,2,1,0,0,0,1,1,0,0,0,1,1,1,1,1,1,1,1,1,1,2,2,1,1,1,2,1,1,1,1,1,1,1,1,0,0,1,0,0,2,1,0,0,1,0,1,1,1,2,1,1,0,0,1,1,1,1,1,1,2,1,0,1,0,1,1,1,1,1,1,0,1,0,1,0,0,0,2,2,0,0,1,0,1,0,0,1,0,0,2,1,0,2,1,1,1,1,1,1,1,1,1,1,1,1,1,1,1,1,1,0,1,2,0,0,0,1,2,2,2,2,2,1,1,2
VA2,VA2_91,0.242,10,69,1,2,2,1,0,1,1,0,0,1,2,0,1,1,0,1,0,1,1,1,1,1,1,0,0,2,1,1,1,1,0,1,0,0,0,0,1,1,0,1,1,1,0,1,1,1,0,1,0,1,0,0,0,2,0,1,1,0,0,2,0,0,0,1,1,2,1,0,1,1,1,0,0,0,0,1,2,2,1,0,1,1,0,0,1,1,1,1,1,1,2,1,1,1,1,2,1,1,1,1,2,1,1,0,1,1,1,1,1,1,1,1,1,2,2,2,1,1,0,1,1,0,0,0,2,2,0,2,2,0,2,2,0,0,1,1,0,1,2,2,2,0,2,0,0,1,2,0,1,2,2,2,1,1,2,1,1,1,1,1,1,1,0,0,2,0,0,1,1,2,0,1,0,0,0,2,0,0,0,1,1,1,1,0,2,0,1,1,1,1,1,2,0,2,2,2,2,2,2,1,1,1,1,1,1,2,0,1,1,2,0,0,0,0,0,0,0,1
VA2,VA2_89,0.223,12,71,1,1,1,0,0,0,0,2,1,2,0,1,0,1,1,2,1,1,2,2,2,2,2,2,0,2,0,0,0,0,0,2,0,0,0,0,1,1,1,1,1,1,2,2,2,2,2,0,1,1,2,2,1,1,1,0,0,1,1,1,2,2,1,0,0,0,0,0,1,0,2,1,1,1,0,0,1,1,2,0,1,0,0,1,0,1,1,1,2,1,1,0,1,1,1,0,1,1,0,1,1,1,1,0,2,2,2,2,2,2,2,2,2,1,1,1,1,2,1,1,1,0,0,0,0,0,0,1,1,1,0,0,0,0,2,0,1,1,2,2,2,0,1,0,0,0,1,2,0,0,0,0,1,1,2,0,2,2,2,2,2,1,1,1,2,2,0,1,2,1,2,0,2,1,2,1,1,0,0,0,1,0,2,1,1,1,0,0,2,2,0,1,1,1,1,1,1,1,1,1,1,1,1,2,1,2,2,1,1,2,1,2,1,1,1,1,1,1
VA2,VA2_235,0.362,9,75,1,2,2,0,0,0,0,1,0,0,1,0,0,0,0,2,0,1,1,1,1,1,1,0,1,1,1,1,1,1,1,2,0,0,1,1,2,2,2,2,1,2,2,2,0,0,1,0,0,0,0,0,1,1,1,0,0,0,0,1,2,2,1,0,0,0,0,1,0,1,2,1,1,1,1,1,1,1,1,0,0,1,1,0,0,0,0,1,0,1,1,0,1,1,1,2,0,0,0,1,1,1,1,1,0,0,0,0,0,0,0,0,0,1,1,2,1,0,1,1,1,0,0,0,1,1,1,2,2,1,0,0,1,0,1,0,2,1,2,2,2,1,2,0,0,0,0,1,0,1,1,1,1,0,2,1,0,1,1,1,1,0,2,2,2,2,1,0,0,2,1,0,1,1,1,2,1,0,0,1,2,0,1,0,1,1,0,0,2,1,0,1,1,1,1,1,1,1,1,0,0,0,0,1,1,1,1,1,1,1,2,2,1,1,1,0,0,1
QC32,QC32_165,0.334,11,73,1,1,1,1,1,1,1,0,2,1,0,1,2,0,1,2,0,2,1,1,1,1,1,0,0,2,2,2,2,2,0,2,0,0,0,0,0,0,1,0,0,0,1,1,0,0,0,0,0,2,1,1,2,0,1,1,2,2,0,1,1,1,1,2,2,0,0,0,2,0,1,0,0,0,2,2,0,0,0,0,0,1,0,1,2,1,1,1,0,2,0,1,1,1,1,0,0,0,1,1,0,1,1,0,2,2,2,2,2,2,2,2,2,0,0,1,2,0,1,0,0,0,0,0,0,0,1,1,1,0,1,1,0,0,1,1,0,1,1,1,1,0,1,1,1,2,0,1,2,0,0,0,1,1,1,0,0,0,0,0,0,1,1,2,2,2,1,0,2,0,0,0,1,1,1,0,1,0,0,1,2,0,0,1,1,0,0,0,1,2,0,1,1,1,1,1,1,1,1,2,2,2,2,0,0,0,0,2,2,0,1,1,1,2,1,0,0,0
VA1,VA1_276,0.334,10,76,1,0,0,1,0,1,0,1,0,0,2,2,1,1,0,0,0,0,1,1,1,1,1,1,0,1,2,2,2,2,0,2,0,0,1,1,0,0,2,0,0,0,0,0,2,2,2,1,1,2,0,0,0,2,1,1,1,1,0,1,1,1,0,2,2,1,1,2,0,2,0,2,2,2,0,0,0,0,0,0,0,0,1,0,0,1,2,2,1,0,2,0,1,0,0,1,1,1,0,0,2,1,1,2,0,0,0,0,0,0,0,0,0,2,2,0,0,1,1,1,1,2,2,2,0,0,2,2,2,0,2,2,0,0,0,1,1,0,2,2,2,2,0,1,0,2,2,2,1,1,1,1,0,0,0,0,1,1,1,1,1,1,0,1,1,2,0,0,0,2,0,1,1,1,1,1,0,1,1,0,2,2,0,0,1,1,1,1,1,1,2,1,1,1,1,1,1,1,1,1,1,1,1,2,1,2,0,1,1,1,0,0,0,0,0,0,0,0
QC93,QC93_36,0.238,12,68,0,1,1,2,0,1,0,0,1,1,0,1,1,1,2,0,1,1,1,1,1,1,2,0,0,2,0,0,0,0,1,0,2,2,1,1,2,2,0,0,0,0,2,2,2,2,1,0,2,1,1,1,1,1,2,1,1,0,2,0,1,1,1,1,1,1,1,1,1,2,1,0,0,0,0,0,1,1,2,1,2,0,2,2,1,1,1,1,0,0,0,0,1,2,1,2,1,1,1,1,1,1,1,1,0,0,0,0,0,0,0,0,0,0,0,1,0,0,1,1,1,1,1,1,1,1,1,1,1,1,0,0,2,2,1,1,0,1,0,0,0,2,1,1,1,1,0,2,0,0,0,1,0,0,0,1,1,0,0,0,0,0,2,0,1,1,0,0,0,0,0,1,1,1,0,1,2,1,1,2,0,0,2,0,0,0,2,2,0,0,0,1,1,1,1,1,1,1,1,0,0,0,0,2,0,0,1,1,1,0,2,2,2,2,2,0,0,0
VA2,VA2_237,0.273,9,75,0,1,1,1,0,0,0,2,1,0,1,0,1,1,0,0,0,0,1,1,1,1,1,0,2,0,0,0,0,0,1,0,1,1,0,0,0,0,1,2,2,2,0,0,1,1,1,1,0,0,0,0,1,0,1,1,1,1,0,1,1,1,1,1,1,1,1,0,0,2,1,1,1,1,2,0,1,1,1,2,0,0,1,1,1,1,2,2,2,0,0,2,2,2,0,0,0,0,0,1,1,1,1,1,1,1,1,1,1,1,1,1,1,2,2,0,0,1,1,1,1,1,1,1,1,1,1,1,1,2,0,0,1,0,1,0,0,1,2,2,2,0,2,0,0,0,1,1,0,1,1,1,2,1,2,0,1,1,1,1,1,0,1,1,1,0,1,0,1,1,2,0,1,1,1,0,2,0,0,2,0,0,2,1,1,0,1,1,1,0,0,1,1,1,1,1,1,1,1,1,1,1,1,1,1,1,0,1,1,0,0,0,0,0,0,2,2,2
VA2,VA2_347,0.283,8,78,0,0,0,0,1,0,0,1,2,1,0,0,0,0,1,1,1,2,0,0,0,0,0,1,1,1,0,0,0,0,1,1,1,1,1,1,2,2,1,1,1,1,1,1,1,1,2,0,1,0,1,1,1,0,1,0,0,0,0,2,0,0,2,1,1,0,0,1,1,0,0,1,1,1,2,1,2,2,1,0,2,1,0,2,1,0,2,2,1,0,2,0,1,2,1,0,1,1,0,0,2,1,1,1,1,1,1,1,1,1,1,1,1,1,1,2,0,0,2,0,0,1,1,1,1,1,0,0,0,0,0,0,1,0,0,0,0,0,1,1,1,0,0,1,0,0,2,0,2,0,0,0,0,1,1,2,1,0,0,0,0,1,2,1,1,1,1,2,1,1,1,1,1,0,1,2,2,0,0,0,0,2,0,0,0,2,1,1,0,0,0,0,2,0,0,0,0,0,0,0,0,0,0,0,1,2,0,1,1,2,2,2,2,2,2,0,0,2
NC,NC_410,0.282,11,85,1,1,1,0,1,1,1,1,1,0,1,1,1,2,2,0,1,0,0,0,0,0,0,2,1,1,0,0,1,0,2,1,0,0,0,0,2,2,1,1,1,1,1,1,0,0,0,0,1,1,2,2,1,1,1,0,0,0,1,1,1,1,0,1,1,0,0,0,0,0,2,1,1,1,1,1,1,1,0,1,1,2,0,1,1,2,0,0,1,1,0,1,0,0,1,1,1,1,0,2,0,1,1,1,0,0,0,0,0,0,0,0,0,1,1,2,1,0,1,1,1,0,0,0,0,0,2,0,0,1,1,1,2,0,2,1,1,0,1,1,1,1,0,0,1,1,0,1,2,1,1,1,1,0,0,1,0,2,2,2,2,1,0,1,1,1,0,0,0,1,1,1,0,0,2,1,1,2,2,1,1,0,2,2,1,1,1,1,1,0,2,1,1,1,1,1,1,1,1,1,1,1,1,0,1,0,2,1,1,1,1,1,0,0,0,1,1,2
NC,NC_131,0.226,10,72,0,2,2,1,0,0,1,0,2,1,0,2,1,2,1,0,1,2,0,0,0,0,0,2,1,1,2,2,2,2,0,1,1,1,1,1,1,1,2,0,0,0,1,1,0,0,1,1,2,1,1,1,0,2,2,1,1,0,1,0,1,1,1,1,1,1,1,1,0,1,2,0,0,0,1,1,2,2,0,2,1,0,0,1,1,1,0,0,1,1,1,2,1,2,1,2,0,0,1,1,1,0,0,1,1,1,1,1,1,1,1,1,1,1,1,2,0,0,1,2,2,0,0,0,1,1,1,1,1,0,1,1,0,0,2,1,2,0,0,0,0,1,1,0,0,0,1,0,1,1,1,1,0,2,1,2,1,1,1,1,1,2,1,2,2,1,0,0,1,0,0,1,1,1,0,0,0,1,1,2,1,0,2,0,0,2,1,1,2,0,1,0,2,0,0,0,0,0,0,0,0,0,0,0,2,0,2,0,0,0,1,1,1,1,1,1,1,0
NY,NY_353,0.373,11,81,0,1,1,1,0,2,1,1,0,2,1,0,1,0,2,0,0,2,0,0,0,0,0,2,2,0,0,0,0,0,2,0,2,1,1,1,1,1,0,0,0,0,0,0,1,1,0,1,0,0,1,1,1,1,1,1,1,1,1,1,1,1,0,0,0,2,2,1,0,0,1,1,1,1,2,1,1,1,0,0,2,1,2,1,0,0,1,1,2,1,1,1,2,0,0,0,1,1,0,0,2,1,1,1,1,1,1,1,1,1,1,1,1,0,0,0,1,2,1,0,0,0,0,0,0,0,1,2,2,0,0,0,0,1,1,1,0,2,2,2,2,0,1,1,1,1,0,1,1,1,1,2,2,2,2,1,0,2,2,2,2,1,1,1,1,2,0,0,0,0,1,0,0,0,2,1,0,0,0,0,0,0,1,1,2,0,2,2,1,2,1,1,1,1,1,1,1,1,1,0,0,0,0,0,1,1,1,0,0,1,1,1,1,1,1,0,0,0
VA1,VA1_298,0.214,9,75,1,0,0,0,0,1,1,0,0,1,1,2,0,1,0,1,0,0,0,0,0,0,0,2,1,1,2,2,2,2,0,2,0,0,1,1,0,1,1,1,1,1,0,0,0,0,1,1,1,2,0,0,1,1,0,2,2,2,1,1,1,1,1,2,2,2,2,0,1,1,0,0,0,0,2,2,1,1,0,1,1,2,0,0,1,1,0,0,0,1,2,0,0,0,0,0,0,0,0,1,0,1,2,2,0,0,0,0,0,0,0,0,0,1,1,1,0,2,2,2,2,2,2,2,0,0,0,0,0,1,0,0,1,0,0,1,0,1,0,0,0,0,1,1,2,2,2,0,0,2,2,2,0,1,0,0,1,1,1,1,1,1,2,2,1,0,0,0,2,0,2,1,2,2,2,0,1,0,0,0,1,2,0,0,0,2,2,2,0,0,0,2,0,2,2,2,2,2,2,2,2,2,2,0,2,0,0,2,2,1,1,1,0,0,0,0,0,2
QC93,QC93_18,0.312,11,67,0,1,1,2,2,1,2,0,1,0,2,2,1,0,2,1,2,1,0,0,0,0,0,1,2,1,1,1,1,1,1,0,1,1,2,2,0,0,1,2,2,2,2,2,2,2,2,1,1,1,2,2,1,1,2,1,1,1,1,1,1,1,2,0,0,1,1,1,0,0,0,0,0,0,1,1,1,1,1,1,1,0,2,1,2,0,1,1,0,0,1,1,0,1,1,1,2,2,0,1,1,1,1,1,1,1,1,1,1,1,1,1,1,0,0,0,0,0,0,1,1,1,1,1,0,0,1,1,1,0,0,0,0,2,0,1,0,1,0,0,0,1,1,1,1,1,1,1,1,2,2,2,0,0,1,1,0,0,0,0,0,1,2,0,1,2,1,1,1,1,1,1,1,0,0,1,1,1,1,2,1,1,1,1,1,0,0,0,2,0,2,2,0,2,2,2,2,2,2,2,2,2,2,0,0,2,1,1,1,0,1,1,1,1,1,0,0,2
NC,NC_393,0.305,10,80,0,0,0,2,0,1,2,1,2,1,1,0,2,2,0,1,1,1,0,0,0,0,0,1,2,0,1,1,1,1,0,1,1,1,1,1,2,2,2,1,1,1,2,2,1,1,1,0,2,0,1,1,1,0,1,0,0,0,1,1,2,2,1,1,1,0,0,0,1,0,1,1,1,1,1,0,2,2,1,1,1,0,0,0,0,0,0,0,1,1,1,1,2,0,0,2,0,0,2,1,1,2,2,0,0,0,0,0,0,0,0,0,0,1,1,0,1,1,0,1,1,1,1,1,1,1,1,1,1,0,1,1,0,0,1,0,1,0,1,1,1,1,0,1,2,2,0,1,0,1,1,1,0,2,0,2,0,1,1,1,1,1,0,1,2,1,0,1,2,0,1,1,0,0,0,0,1,0,0,1,1,1,1,1,1,1,1,1,2,0,1,2,0,2,2,2,2,2,2,0,0,0,0,0,2,1,2,1,1,0,2,2,1,1,1,1,1,1
NY,NY_140,0.306,11,73,1,1,1,2,1,1,2,0,1,1,1,1,1,1,2,0,1,0,0,0,0,0,0,0,0,0,2,2,2,2,0,2,2,2,0,0,0,0,0,0,0,0,0,0,0,0,2,1,1,2,2,2,1,1,1,0,0,0,2,0,1,1,2,2,2,1,1,2,0,0,2,1,1,1,2,0,1,1,1,2,1,1,1,1,1,2,1,1,2,1,0,0,1,1,1,2,1,1,1,1,2,0,0,2,0,0,0,0,0,0,0,0,0,0,0,0,1,0,1,1,1,0,0,0,2,2,0,0,0,0,0,0,1,1,0,2,1,2,1,1,1,1,0,2,1,1,0,1,0,1,1,1,1,1,2,0,0,2,2,2,2,2,2,1,2,1,0,1,0,2,0,1,0,1,1,1,1,0,0,2,0,2,0,1,2,0,1,1,0,2,0,0,2,0,0,0,0,0,0,1,1,1,1,0,1,0,0,0,0,1,1,1,0,0,0,0,0,0
VA1,VA1_455,0.252,12,92,1,1,1,2,0,1,1,2,0,0,2,0,1,0,2,1,0,1,0,0,0,0,0,1,1,0,0,0,0,0,1,2,1,1,1,1,0,0,2,0,0,0,0,0,1,1,1,2,2,0,0,0,0,1,1,1,1,2,1,1,1,1,0,0,0,1,1,1,1,1,0,0,0,0,2,0,1,1,2,1,1,0,1,0,2,2,2,2,2,2,2,0,1,0,1,0,2,2,1,1,0,1,1,2,1,1,1,1,1,1,1,1,1,0,0,0,2,2,1,2,2,0,0,0,1,1,2,1,1,0,2,2,0,2,0,1,0,1,1,1,1,0,0,2,1,1,0,2,2,1,1,1,0,0,1,0,1,2,2,2,2,0,1,1,0,2,1,2,0,0,1,1,1,1,0,2,1,1,1,1,0,1,1,0,1,1,1,1,1,2,1,2,0,2,2,2,2,2,2,1,1,1,1,0,0,2,1,1,1,1,1,1,0,0,0,1,1,0
VA1,VA1_206,0.317,11,77,2,2,2,2,1,2,1,1,1,0,0,2,2,1,1,0,2,2,1,1,1,1,1,1,2,0,0,0,0,0,0,1,0,0,0,0,1,1,2,1,1,1,0,0,2,2,1,1,0,2,0,0,1,1,1,0,0,1,2,0,0,0,0,2,2,1,1,0,0,0,0,2,2,2,0,2,1,1,2,2,2,0,1,2,0,0,2,2,2,1,2,1,0,0,1,0,1,1,1,0,2,1,1,2,0,0,0,0,0,0,0,0,0,0,0,0,0,0,1,2,2,1,1,1,1,1,1,0,0,0,2,2,0,0,0,1,1,2,1,1,1,0,0,1,2,2,2,1,0,0,0,0,0,2,2,0,2,2,2,2,2,0,0,0,1,1,0,0,1,0,1,1,1,1,0,2,1,1,1,2,1,1,0,0,1,1,0,0,2,1,1,2,0,2,2,2,2,2,2,1,1,1,1,0,2,0,0,0,0,2,0,0,1,1,1,1,1,1
VA1,VA1_205,0.187,10,76,1,0,0,0,0,2,0,1,1,0,1,1,0,1,0,1,1,1,2,2,2,2,2,0,0,1,2,2,2,2,0,1,0,0,0,0,1,1,1,0,0,0,0,0,0,0,2,0,2,1,0,0,1,1,2,2,2,0,1,0,1,1,2,2,2,0,0,0,2,2,1,2,2,1,1,0,2,2,2,0,0,2,1,0,1,1,0,0,0,0,2,1,1,0,2,0,1,1,1,0,2,1,1,1,0,0,0,0,0,0,0,0,0,1,0,1,0,1,2,0,0,1,1,1,0,0,2,1,1,2,1,1,0,0,1,0,2,2,0,0,0,1,2,0,0,0,0,1,0,1,1,1,2,1,0,2,2,2,2,2,2,1,0,1,0,0,0,0,2,0,1,2,2,2,0,1,0,1,1,1,2,0,2,0,2,0,0,0,1,1,0,0,2,0,0,0,0,0,0,0,0,0,0,2,1,0,0,1,1,2,0,0,0,0,0,0,0,2
QC93,QC93_360,0.229,8,78,1,1,1,0,2,2,0,1,1,1,0,1,0,2,1,1,0,0,2,2,2,2,2,0,0,1,1,1,1,1,1,0,2,2,0,0,1,1,0,0,0,0,2,2,1,1,0,2,0,0,2,2,0,2,0,0,0,1,2,0,1,1,0,0,0,0,0,1,0,0,1,1,1,1,0,0,1,1,1,0,1,0,1,1,0,0,1,1,0,0,0,0,0,1,0,0,1,1,0,2,0,1,1,1,1,1,1,1,1,1,1,1,1,1,1,1,1,1,2,0,0,1,1,1,0,0,1,1,1,0,1,1,0,1,1,1,2,0,0,0,0,0,0,0,1,1,0,1,0,1,1,1,2,2,0,2,1,0,0,0,0,0,1,0,0,1,0,1,1,0,1,0,1,1,0,0,0,2,2,1,0,0,0,2,0,1,1,1,1,1,2,2,0,2,2,2,2,2,2,1,1,1,1,2,1,1,0,0,0,1,1,1,0,0,0,1,1,0
QC93,QC93_100,0.185,10,69,0,0,0,1,1,1,1,0,1,1,1,2,1,1,1,0,1,0,1,1,1,1,1,1,1,1,0,0,0,0,2,1,1,1,1,1,0,0,0,2,2,2,2,2,2,2,2,0,0,1,1,1,1,1,2,0,0,1,2,0,1,1,0,0,0,0,0,1,1,1,0,0,0,0,0,0,1,1,0,0,1,2,1,0,2,1,1,1,0,1,1,1,0,1,1,2,0,0,1,1,0,1,1,1,1,1,1,1,1,1,1,1,1,0,0,0,1,1,0,1,2,1,1,1,0,0,1,1,1,0,1,1,0,1,0,1,1,1,0,0,0,1,0,2,0,0,1,1,1,1,1,1,1,0,1,2,0,0,1,0,0,0,1,0,2,2,2,0,1,1,1,1,0,0,0,1,0,1,1,1,2,1,1,0,1,0,0,0,1,1,0,1,1,1,1,1,1,1,1,1,1,1,1,2,0,2,0,1,1,1,1,1,0,0,0,0,0,2
QC32,QC32_254,0.329,11,77,1,1,1,0,1,2,1,1,2,1,1,2,1,0,1,2,0,1,1,1,1,1,1,1,1,1,0,0,0,0,2,1,0,0,2,2,0,0,1,1,1,1,0,0,0,0,0,1,0,1,2,2,2,0,0,2,2,1,1,1,1,1,1,2,2,0,0,1,2,2,1,0,0,0,0,2,2,2,1,0,1,1,1,0,1,0,1,1,2,0,0,1,1,0,1,0,1,1,0,0,0,1,1,0,0,0,0,0,0,0,0,0,0,1,1,1,1,1,0,1,1,1,1,1,1,1,1,0,0,1,0,0,1,0,0,1,1,0,1,1,1,0,1,0,0,0,0,0,0,0,0,0,2,0,1,0,1,0,0,0,0,1,1,1,0,1,2,0,1,0,0,1,0,0,1,0,1,0,0,1,0,0,1,2,1,1,1,1,2,2,0,0,2,0,0,0,0,0,0,2,2,2,2,0,1,0,2,0,0,0,1,1,0,0,0,2,2,0
VA1,VA1_203,0.276,10,76,1,1,1,1,0,1,0,1,0,2,0,0,2,1,0,0,1,1,1,1,1,1,1,2,1,0,0,0,0,0,2,2,1,1,1,1,1,1,0,0,0,0,1,1,1,1,1,0,2,1,0,0,1,1,1,1,1,2,1,1,1,1,0,2,2,2,2,0,0,1,0,0,0,0,2,0,0,0,2,2,1,0,1,1,1,0,2,2,2,2,2,0,1,2,1,1,1,1,0,0,0,1,2,1,0,0,0,0,0,0,0,0,0,1,1,1,1,1,2,1,1,1,1,1,0,0,1,0,0,1,0,0,1,0,0,1,1,0,0,0,0,2,0,2,1,1,1,0,1,1,1,1,0,0,0,0,0,2,2,2,2,1,0,1,0,0,0,1,1,0,1,1,1,1,1,1,0,0,0,0,1,1,0,0,0,1,1,1,1,1,1,2,0,2,2,2,2,2,2,1,1,1,1,0,1,1,0,2,2,0,1,1,0,0,0,0,0,1
VA1,VA1_169,0.307,11,73,2,0,0,2,1,2,1,1,1,1,0,1,1,0,0,0,1,1,1,1,1,1,1,0,2,0,2,2,2,2,0,1,1,1,0,0,0,0,1,0,0,0,1,1,0,1,1,0,0,0,1,1,1,1,1,0,0,2,1,0,1,1,2,2,2,1,1,2,1,0,1,1,1,1,2,1,1,1,0,1,2,1,1,1,2,0,1,1,2,1,2,1,1,2,0,1,1,1,1,1,0,0,0,1,1,1,1,1,1,1,1,1,1,1,1,0,2,1,1,1,1,1,1,1,1,1,1,0,0,1,0,0,1,1,1,1,1,0,1,1,1,1,0,1,0,0,0,1,1,0,0,0,1,1,1,0,0,1,1,1,1,1,0,1,0,0,0,2,1,2,1,1,1,0,2,1,2,1,1,0,1,2,0,1,1,1,1,1,1,0,0,2,0,2,2,2,2,2,2,1,1,1,1,1,0,2,1,1,1,1,1,1,0,0,0,0,0,0
VA1,VA1_211,0.342,10,76,1,2,2,1,2,1,0,1,0,1,2,2,0,1,0,1,0,1,0,0,0,0,0,1,2,0,0,0,0,0,2,2,0,0,0,0,0,0,0,1,1,1,1,1,0,0,0,0,2,0,2,2,1,1,0,1,1,1,0,1,0,0,0,2,2,0,0,0,1,1,0,1,1,1,1,1,0,0,2,2,1,0,1,1,0,1,1,1,1,2,2,1,0,1,2,0,1,1,0,2,0,1,1,0,0,0,0,0,0,0,0,0,0,0,0,2,1,2,0,2,2,1,0,1,1,1,2,0,0,0,1,1,0,0,1,0,1,1,1,1,1,1,1,1,2,2,2,0,1,1,1,1,0,1,0,0,0,1,1,1,1,1,1,2,1,1,2,0,1,0,2,2,0,0,1,0,1,1,1,1,0,0,1,1,1,1,0,0,0,1,0,1,1,1,1,1,1,1,1,2,2,2,2,0,1,2,0,1,1,1,2,2,2,2,2,0,0,0
VA2,VA2_119,0.217,11,70,0,1,1,0,0,1,0,2,0,0,1,1,1,1,0,1,1,1,1,1,1,1,1,1,0,2,1,1,1,1,0,1,0,0,0,0,2,2,1,1,1,1,0,0,2,2,2,2,2,0,1,1,0,2,1,0,0,0,1,0,2,2,2,0,0,1,1,1,1,1,1,1,1,1,1,1,0,0,1,0,0,1,0,1,0,1,2,2,1,1,1,0,1,1,1,1,0,0,2,1,2,0,0,0,1,1,1,1,1,1,1,1,1,1,1,1,0,0,1,1,1,0,0,0,0,0,1,2,2,1,1,1,1,1,1,1,0,1,1,1,1,1,0,1,1,1,0,2,1,1,1,1,1,1,1,0,1,1,1,1,1,1,0,1,1,1,0,1,1,1,2,2,1,1,1,2,1,0,0,0,1,0,2,1,1,0,1,1,2,2,0,1,1,1,1,1,1,1,1,0,0,0,0,1,2,2,0,1,1,2,2,2,1,1,1,0,0,1
QC32,QC32_225,0.263,11,77,2,2,2,0,0,0,1,2,0,0,0,0,2,0,2,1,1,1,2,2,2,2,2,0,1,1,0,0,0,0,1,0,1,1,1,1,1,1,1,0,0,0,0,0,0,0,1,0,0,2,1,1,2,0,0,2,2,1,0,1,0,0,2,0,0,0,0,1,1,0,1,0,0,0,0,2,1,1,1,0,0,2,0,0,2,1,0,0,0,2,1,2,0,2,0,0,1,1,1,1,0,1,1,1,1,1,1,1,1,1,1,1,1,0,0,1,0,0,0,0,0,0,0,0,1,1,0,1,1,1,1,1,0,0,1,0,1,1,1,1,1,0,1,1,0,2,2,2,1,0,0,0,0,0,1,1,1,0,0,0,0,0,0,0,0,0,0,1,1,0,0,0,0,0,1,0,2,1,0,2,2,0,1,0,2,0,2,2,1,1,1,0,2,0,0,0,0,0,0,1,1,1,1,2,1,0,0,0,0,2,0,0,0,0,0,1,1,1
QC93,QC93_19,0.306,10,66,0,1,1,2,2,1,1,0,1,2,1,2,2,2,2,1,2,2,1,1,1,1,1,1,2,0,0,0,0,0,2,0,2,2,2,2,0,0,1,2,2,2,2,2,2,2,0,2,0,1,1,1,2,0,0,1,1,0,2,0,1,1,0,0,0,1,1,2,1,1,1,0,0,0,1,1,1,1,0,1,2,2,1,1,1,0,1,1,1,0,1,1,0,1,0,1,0,0,1,2,0,0,0,1,1,1,1,1,1,1,1,1,1,0,0,1,0,1,0,1,1,1,1,1,0,0,2,2,2,0,0,0,0,2,0,0,0,1,2,2,2,2,1,1,1,1,1,1,0,1,1,1,0,0,2,2,1,0,0,0,0,1,2,0,0,2,0,0,1,0,1,1,0,0,0,0,0,2,2,1,1,1,1,1,1,1,1,1,1,0,2,2,0,2,2,2,2,2,2,1,1,1,1,1,0,1,1,2,2,0,0,1,1,1,1,0,0,1
VA2,VA2_16,0.227,10,66,2,2,2,0,0,0,0,2,1,2,0,0,1,0,1,0,2,2,2,2,2,2,2,1,0,1,2,2,2,2,0,1,0,0,0,0,2,2,2,1,1,1,0,0,0,0,1,0,0,0,0,0,2,0,1,0,0,1,2,0,0,0,0,1,1,2,2,0,0,0,2,0,0,0,0,0,2,2,0,1,2,2,0,0,0,2,0,0,1,2,2,0,0,0,2,2,0,0,1,1,2,1,1,0,2,2,2,2,2,2,2,2,2,2,1,1,2,2,0,0,0,1,1,1,2,2,2,2,2,0,2,2,0,1,2,0,2,0,0,0,0,1,2,0,0,1,1,0,0,1,1,1,2,1,1,1,0,1,1,1,1,1,2,0,0,0,0,0,2,2,1,0,0,0,1,0,1,1,1,0,2,0,1,2,1,0,2,2,2,2,0,1,1,1,1,1,1,1,1,0,0,0,0,2,1,0,2,1,1,1,2,2,1,1,1,2,2,0
NY,NY_109,0.269,10,69,1,1,1,0,1,1,2,1,0,2,0,1,0,0,2,0,0,2,1,1,1,1,1,0,2,1,0,0,0,0,1,0,1,1,2,2,0,0,1,0,0,0,0,0,0,0,0,1,0,1,1,1,0,2,1,1,1,1,1,1,1,1,0,2,2,2,2,0,0,1,1,1,1,1,2,0,0,0,2,1,2,1,2,2,0,1,2,1,2,2,2,1,1,0,1,1,1,1,1,0,2,1,1,2,1,1,1,1,1,1,1,1,1,1,1,1,1,1,1,0,0,2,2,2,1,1,0,0,0,1,2,2,2,2,1,1,0,2,1,1,1,0,2,0,0,0,0,1,1,1,1,1,1,0,1,1,0,2,2,2,2,1,2,1,1,1,0,0,0,1,0,1,0,0,1,0,0,0,0,1,0,1,0,1,1,1,1,1,0,0,0,0,2,0,0,0,0,0,0,2,2,2,2,1,0,2,1,0,0,1,0,0,0,0,0,1,1,0
QC32,QC32_183,0.352,11,77,0,0,0,0,2,1,2,0,0,1,1,1,0,0,2,2,0,1,1,1,1,1,1,1,0,2,2,2,2,2,0,1,1,1,0,0,1,1,1,0,0,0,1,1,0,0,2,2,1,0,2,2,1,1,0,2,2,1,0,1,0,0,1,1,1,1,1,0,0,1,1,1,1,1,0,1,1,1,1,2,0,1,1,0,0,0,0,0,1,0,0,0,1,0,1,2,1,1,1,0,1,1,1,0,1,1,1,1,0,0,0,0,0,1,1,1,1,2,0,0,0,2,2,2,1,1,1,1,1,0,1,1,1,1,1,1,0,0,1,1,1,0,0,1,0,0,0,0,1,1,1,1,2,2,0,1,2,1,1,1,1,1,2,0,2,2,0,1,1,0,0,1,0,0,1,0,1,0,0,1,1,1,0,2,2,0,0,0,2,2,0,1,1,1,1,1,1,1,1,1,1,1,1,1,2,0,1,1,1,0,1,1,1,1,1,2,2,1
VA1,VA1_323,0.329,8,78,1,2,2,2,0,1,1,0,1,1,1,0,2,2,0,1,0,0,0,0,0,0,0,0,2,0,0,0,0,0,1,2,1,1,1,1,2,2,2,2,1,1,1,2,0,0,2,2,1,0,1,1,1,1,1,2,2,2,0,2,0,0,1,2,2,1,1,0,2,1,0,0,0,0,1,1,0,0,1,2,1,1,1,0,1,0,0,0,1,1,2,1,0,0,1,0,1,1,1,2,0,2,2,2,1,1,1,1,1,1,1,1,1,0,0,1,1,1,1,1,1,2,2,2,1,1,0,0,0,0,0,0,1,0,0,1,1,1,1,1,1,2,1,1,1,1,1,1,2,1,1,1,0,0,0,0,0,2,2,2,2,1,0,0,0,0,2,1,1,0,2,1,1,1,2,0,1,0,0,0,1,1,1,0,0,2,2,2,0,2,0,0,1,0,0,0,0,0,0,0,0,0,0,0,0,1,0,0,0,0,1,1,1,1,1,0,0,1
QC32,QC32_158,0.401,11,73,1,1,1,1,1,1,0,0,2,1,1,0,2,0,1,2,0,2,2,2,2,2,2,0,0,2,0,0,0,0,0,1,1,1,0,0,0,0,1,0,0,0,1,1,0,0,0,2,0,1,1,1,1,1,2,2,2,2,1,1,1,1,1,2,2,0,0,1,1,1,0,1,1,1,0,2,0,0,1,0,0,0,0,1,0,0,0,0,1,1,0,1,1,0,0,0,2,2,2,0,1,0,0,1,2,2,2,2,2,2,2,2,2,0,0,2,2,1,1,0,0,2,2,2,2,2,0,1,1,2,1,1,0,0,0,1,1,1,1,1,1,1,0,2,2,2,0,2,1,0,0,1,1,0,1,2,0,0,0,0,0,1,0,1,1,2,1,1,1,0,0,2,0,0,0,1,1,1,1,1,0,1,0,1,2,0,1,1,1,1,2,1,1,1,1,1,1,1,1,2,2,2,2,1,2,2,1,0,0,1,0,0,0,0,0,0,0,0
NY,NY_139,0.328,12,74,0,0,0,0,1,1,0,0,0,1,0,1,0,1,2,1,1,1,0,0,0,0,0,0,0,0,1,1,1,1,0,0,1,1,0,0,0,0,0,0,0,0,1,1,0,1,1,2,1,2,1,1,0,2,0,0,0,2,2,0,1,1,1,1,1,2,2,0,0,1,0,0,0,0,2,0,0,0,0,1,1,2,1,1,0,2,0,0,1,1,1,1,1,0,1,0,0,0,0,0,1,1,1,0,2,2,2,2,2,2,2,2,2,0,0,0,1,0,1,1,1,1,1,1,1,1,2,0,0,1,0,0,0,2,1,1,1,2,2,2,2,1,1,0,1,1,0,1,0,0,0,1,0,2,0,0,0,1,1,1,1,1,0,1,1,0,0,0,1,0,2,1,0,0,0,0,0,2,2,0,1,2,0,1,1,0,0,0,0,0,0,2,0,2,2,2,2,2,2,2,2,2,2,2,0,0,0,0,0,1,0,0,0,0,0,2,2,0
NC,NC_242,0.306,11,77,1,1,1,2,1,2,2,0,2,0,0,0,1,2,0,0,1,0,0,0,0,0,0,2,2,0,0,0,1,0,2,1,0,0,2,2,2,2,1,2,2,2,1,1,0,0,1,2,1,0,2,2,1,1,1,0,0,0,1,1,0,0,1,1,1,2,2,1,1,0,1,0,0,0,1,1,0,0,0,2,0,2,1,0,1,0,0,0,1,1,0,1,1,0,1,1,0,0,0,2,1,2,2,1,0,0,0,0,0,0,0,0,0,1,1,1,1,0,2,2,2,0,0,0,0,0,1,0,0,1,1,1,2,1,0,0,2,0,0,0,0,2,0,1,0,0,1,1,2,0,0,0,0,1,0,2,1,1,1,1,1,1,0,0,0,2,0,0,0,1,1,1,0,0,1,2,1,1,1,1,2,0,1,1,0,2,0,0,2,1,2,0,2,0,0,0,0,0,0,1,1,1,1,0,0,0,2,1,1,1,1,1,1,1,1,0,0,1
QC32,QC32_60,0.279,11,70,2,1,1,0,2,1,1,1,2,1,0,0,1,1,1,2,2,1,2,2,2,2,2,0,1,1,1,1,1,1,0,1,0,0,1,1,1,1,0,0,0,0,1,1,2,2,1,0,1,1,1,1,1,1,1,0,0,0,2,0,0,0,2,0,0,0,0,1,1,1,0,1,1,1,1,1,1,1,1,1,2,1,0,1,1,0,0,0,2,1,1,0,0,1,0,0,1,1,1,1,0,1,1,1,1,1,1,1,1,1,1,1,1,1,1,0,1,1,1,0,0,1,1,1,1,0,0,2,2,2,2,2,1,1,0,1,2,2,0,0,0,0,0,2,2,2,0,1,1,0,0,0,1,1,1,0,1,1,1,1,1,1,1,1,2,1,2,0,1,1,2,0,0,0,2,1,1,1,1,0,2,1,1,1,1,1,1,1,0,0,0,2,0,2,2,2,2,2,2,2,2,2,2,1,0,0,1,1,1,0,1,1,0,0,0,0,0,1
QC32,QC32_163,0.305,10,72,2,0,0,0,2,0,0,1,1,0,0,0,0,1,1,2,2,0,2,2,2,2,2,1,0,2,2,2,2,2,0,2,1,1,1,1,0,0,1,0,0,0,1,1,1,1,1,1,0,0,0,0,0,2,1,1,1,1,0,1,0,0,0,1,1,0,0,0,1,0,1,1,1,1,1,2,2,2,1,0,0,0,1,0,2,0,0,0,1,1,1,1,1,1,0,0,2,2,0,0,0,2,2,0,0,0,0,0,0,0,0,0,0,1,1,1,1,1,0,0,0,0,0,0,0,0,0,0,0,2,2,2,1,1,1,0,0,0,0,0,0,0,1,0,0,0,0,1,2,0,0,0,2,0,1,0,1,0,0,0,0,1,1,0,1,1,2,0,1,0,1,0,1,1,2,2,1,0,0,0,1,0,1,0,0,1,1,1,0,0,0,0,2,0,0,0,0,0,0,2,2,2,2,2,0,1,0,0,0,2,0,0,0,0,0,1,1,1
NC,NC_86,0.249,13,72,1,2,2,0,1,0,0,1,2,1,1,0,2,2,2,0,2,1,1,1,1,1,1,1,1,0,2,2,2,2,0,0,1,1,1,1,1,1,1,0,0,0,1,1,0,0,2,2,0,0,2,2,0,1,1,1,1,0,2,0,0,0,2,0,0,0,0,1,0,2,2,1,1,1,1,1,2,2,0,1,0,0,0,1,1,1,1,1,0,1,0,1,0,1,0,1,1,1,1,2,1,0,0,1,0,0,0,0,0,0,0,0,0,1,1,0,0,0,1,1,1,1,1,1,1,1,0,2,2,2,1,1,0,0,1,1,1,0,0,0,0,2,2,0,1,1,1,2,1,1,1,1,0,1,1,2,0,2,2,2,2,0,0,1,1,0,0,1,1,0,1,1,0,0,0,1,2,1,1,2,1,1,1,1,1,1,1,1,1,1,1,0,2,0,0,0,0,0,0,0,0,0,0,0,2,0,2,0,0,1,1,1,1,1,1,0,0,0
VA2,VA2_200,0.25,9,75,2,2,2,1,0,1,1,2,0,2,1,2,2,0,1,0,2,0,0,0,0,0,0,1,0,1,1,1,1,1,0,1,0,0,0,0,1,1,2,1,1,1,0,0,2,2,2,1,1,0,1,1,1,1,1,2,2,1,0,1,1,1,1,0,0,0,0,0,0,0,0,1,1,1,1,0,1,1,1,1,2,2,1,0,1,1,0,0,2,1,0,1,1,1,1,2,0,0,0,0,2,0,0,0,1,1,1,1,1,1,1,1,1,1,1,1,1,1,1,1,1,0,0,0,0,0,1,1,1,0,2,2,1,1,0,0,2,2,1,1,1,1,0,2,0,1,1,1,0,0,0,0,0,1,1,1,0,1,1,1,1,1,0,2,1,0,0,1,1,2,1,1,1,1,0,1,1,2,2,0,0,1,1,1,0,2,0,0,2,2,0,1,1,1,1,1,1,1,1,1,1,1,1,0,2,1,0,1,1,1,0,0,0,0,0,0,0,2
VA1,VA1_28,0.34,12,68,0,1,1,0,1,0,1,1,1,1,2,1,0,2,0,1,0,0,0,0,0,0,0,1,1,1,1,1,1,1,0,1,0,0,0,0,2,2,1,0,0,0,2,2,0,0,1,0,0,1,0,0,0,2,1,2,2,2,1,1,0,1,2,2,2,1,1,0,2,1,0,2,2,2,1,1,0,0,0,2,0,1,1,1,0,1,1,1,0,1,2,1,0,0,1,0,1,1,1,1,0,1,1,1,0,0,0,0,0,0,0,0,0,1,1,1,1,0,0,1,1,2,2,2,1,1,0,0,0,0,0,0,0,0,0,1,1,0,0,0,0,1,1,1,1,1,1,1,2,2,2,2,0,2,0,1,0,1,1,1,1,0,0,2,2,0,2,0,1,2,2,0,0,0,2,0,1,1,1,0,1,2,0,1,0,1,2,2,1,0,1,2,0,2,2,2,2,2,2,1,1,1,1,0,2,2,0,2,2,0,1,1,2,2,2,0,0,0
VA1,VA1_106,0.249,12,71,1,0,0,2,0,2,0,0,1,1,2,2,0,1,0,1,0,1,1,1,1,1,1,1,0,1,2,2,2,2,0,1,2,1,1,1,2,2,0,0,0,0,1,1,0,0,1,0,1,0,0,0,2,1,1,0,0,0,0,2,1,1,0,2,2,0,0,1,1,0,0,0,0,0,2,2,1,1,0,1,0,1,0,1,0,2,1,1,1,1,2,0,1,0,0,1,0,0,0,0,0,0,0,2,0,0,0,0,0,0,0,0,0,1,1,0,0,1,2,2,2,1,1,1,2,2,1,1,1,1,1,1,1,0,0,0,0,2,0,0,0,1,1,1,2,2,2,0,1,2,2,2,0,0,0,0,1,2,2,2,2,1,1,1,0,0,2,0,2,1,2,0,0,0,2,1,2,0,0,0,1,1,0,0,0,2,0,0,0,1,0,2,0,2,2,2,2,2,2,0,0,0,0,0,2,1,0,2,2,1,1,1,0,0,0,0,0,2
NC,NC_136,0.356,11,73,1,0,0,0,0,0,2,1,2,2,1,2,1,0,1,0,2,0,1,1,1,1,1,0,0,2,1,1,1,1,1,2,1,1,0,0,1,1,1,0,0,0,0,0,0,0,0,0,1,1,0,0,1,1,0,1,1,0,1,1,1,1,1,2,2,2,2,0,0,0,2,0,0,0,0,1,2,2,1,2,2,1,2,1,0,1,0,0,0,2,1,1,0,1,0,2,0,0,2,0,0,1,1,1,1,1,1,1,1,1,1,1,1,0,0,0,0,1,0,1,1,2,2,2,0,0,0,0,0,1,2,2,1,1,1,1,0,0,0,0,0,2,0,2,0,0,0,1,0,0,1,0,0,1,1,1,0,1,1,1,1,1,0,0,0,1,1,2,1,1,0,1,2,2,1,2,0,0,0,0,1,2,0,0,1,1,2,2,1,0,1,2,0,2,2,2,2,2,2,1,1,1,1,0,0,0,1,2,2,0,1,1,1,1,1,0,0,1
VA1,VA1_48,0.238,13,72,2,1,1,1,2,1,0,1,1,1,1,2,0,1,1,1,0,1,1,1,1,1,1,1,1,1,1,1,1,1,0,1,0,0,1,1,1,1,1,0,0,0,1,1,0,0,1,1,2,1,1,1,2,0,1,1,1,1,0,2,0,0,1,1,1,1,1,0,1,1,0,2,2,2,0,0,1,1,1,1,1,0,1,1,1,2,0,0,2,1,2,2,1,1,1,1,1,1,0,2,0,1,1,1,1,1,1,1,1,1,1,1,1,2,2,2,1,2,0,1,1,2,2,2,1,1,2,1,1,2,1,1,1,0,0,0,1,2,1,1,1,2,1,1,2,2,0,2,0,1,1,1,0,1,1,1,0,2,2,2,2,1,1,1,2,0,0,2,0,0,2,2,1,1,1,0,1,2,2,1,1,0,1,1,2,0,1,1,0,1,0,2,0,2,2,2,2,2,2,1,1,1,1,0,1,2,0,0,0,0,1,1,1,1,1,1,1,0
QC32,QC32_255,0.27,9,75,1,0,0,0,1,0,1,2,0,0,1,0,2,0,1,2,0,0,1,1,1,1,1,0,0,0,2,2,2,2,0,0,1,1,0,0,0,0,1,0,0,1,0,0,0,0,1,1,0,1,1,1,1,0,0,2,2,0,0,2,1,1,1,2,2,0,0,1,1,2,1,0,0,0,0,1,2,2,1,0,0,1,0,0,1,1,0,0,1,0,0,1,1,0,1,1,0,0,0,0,2,1,1,0,1,1,1,1,1,1,1,1,2,1,1,1,0,1,0,1,1,1,1,1,0,0,0,0,0,1,0,0,2,0,1,1,1,0,0,0,0,0,2,0,0,0,0,0,1,1,1,1,2,0,2,1,1,0,0,0,0,1,0,0,0,1,2,0,1,0,0,1,0,0,2,0,0,0,0,0,1,1,1,2,1,1,1,1,2,2,1,0,2,0,0,0,0,0,0,2,2,2,2,1,2,0,0,1,1,1,0,0,0,0,0,1,1,2
QC93,QC93_143,0.213,10,72,0,2,2,0,1,1,0,0,1,1,0,2,0,1,2,0,2,0,0,0,0,0,0,2,1,1,1,1,1,1,1,1,2,2,1,1,0,0,0,1,1,1,1,1,1,1,1,0,1,1,2,2,0,2,1,1,1,1,1,1,1,1,0,0,0,2,2,1,0,1,1,0,0,0,1,0,0,0,2,0,2,0,2,1,2,1,1,1,0,0,0,0,1,2,1,2,0,0,1,2,1,2,2,0,1,1,1,1,1,1,1,1,1,1,1,2,0,0,1,0,0,2,2,2,1,1,1,1,1,1,0,0,1,2,2,1,0,2,1,1,1,2,1,0,0,1,0,0,0,0,0,0,0,2,0,2,2,1,1,1,1,0,1,1,0,1,0,1,1,0,0,1,2,2,0,2,1,1,1,1,1,2,0,1,0,0,1,1,2,1,0,2,0,2,2,2,2,2,2,1,1,1,1,2,0,1,0,0,0,0,1,1,1,1,1,2,2,1
NC,NC_412,0.329,9,83,1,2,2,0,0,2,0,2,2,0,0,0,1,1,1,0,2,0,2,2,2,2,2,0,1,1,0,0,0,0,2,1,2,2,1,1,2,2,2,1,1,1,0,0,0,2,0,0,1,1,1,1,1,1,0,0,0,2,1,1,1,1,0,2,2,2,2,0,2,1,2,0,0,0,2,1,1,1,0,2,1,0,2,1,1,1,1,1,2,2,0,1,2,2,1,1,0,0,2,0,2,1,1,1,0,0,0,0,0,0,0,0,0,1,1,0,0,0,1,1,1,1,1,1,1,1,1,0,0,2,0,0,0,2,2,1,0,0,0,0,0,0,1,0,0,0,1,1,0,0,0,1,1,2,1,1,0,2,2,2,2,0,1,0,0,1,0,2,1,0,1,1,2,2,1,1,1,2,2,1,0,2,0,0,1,1,1,1,0,0,0,1,1,1,1,1,1,1,1,0,0,0,0,1,0,2,1,0,0,1,1,1,1,1,1,2,2,1
NC,NC_34,0.271,13,69,1,2,2,0,0,1,0,0,2,1,0,1,0,1,0,0,2,0,0,0,0,0,0,2,1,1,1,1,1,1,0,1,0,0,1,1,2,2,2,2,2,2,1,1,0,0,1,1,1,0,1,1,1,1,0,0,0,0,0,2,2,2,2,1,1,0,0,1,1,1,2,0,0,0,1,1,0,0,0,1,1,1,0,1,0,2,1,1,0,1,0,1,0,1,0,1,1,1,1,1,0,1,1,1,0,0,0,0,0,0,0,0,0,1,1,1,2,1,2,1,1,0,0,0,0,0,1,0,0,0,2,2,1,0,2,2,1,1,1,1,1,1,2,0,1,1,1,0,2,0,0,0,1,0,0,1,1,2,2,2,2,1,0,1,1,0,0,0,1,0,2,1,2,2,1,1,1,2,2,1,1,1,1,1,0,2,1,1,2,1,2,0,2,0,0,0,0,0,0,1,1,1,1,0,2,1,2,1,1,1,0,0,0,0,0,1,1,2
NC,NC_355,0.274,11,81,2,2,2,1,0,1,2,0,2,0,2,0,1,2,2,0,1,1,0,0,0,0,0,1,1,1,1,1,1,1,1,0,1,1,1,1,1,1,2,1,1,1,1,1,0,0,1,0,1,1,1,1,0,2,1,1,1,1,2,0,0,0,1,0,0,1,1,1,0,0,1,0,0,0,2,0,0,0,0,2,1,1,2,1,1,1,2,2,1,0,1,2,0,0,0,0,1,1,2,2,0,1,1,1,2,2,2,2,2,2,2,2,2,0,0,0,1,0,2,0,0,0,0,0,0,0,0,0,0,0,0,0,2,1,1,1,0,0,0,0,0,0,1,1,1,1,1,1,1,0,0,0,1,2,0,2,0,1,1,1,1,0,0,1,2,1,0,0,1,1,2,1,2,2,1,1,1,2,2,2,0,1,1,2,0,2,2,2,1,0,2,0,2,0,0,0,0,0,0,0,0,0,0,0,1,1,2,1,1,1,0,0,0,0,0,0,0,1
NC,NC_130,0.265,10,72,1,1,1,1,0,1,1,1,2,1,0,1,1,1,0,0,1,1,1,1,1,1,1,1,1,1,2,2,2,2,0,1,1,1,1,1,1,1,2,0,0,0,0,0,1,1,2,1,2,0,0,0,1,1,1,1,1,0,1,1,1,1,2,1,1,1,1,0,0,1,2,1,1,1,2,1,2,2,0,2,1,1,0,1,0,1,1,1,0,2,1,1,1,2,1,1,0,0,2,0,2,1,1,1,0,0,0,0,0,0,0,0,0,1,1,0,1,1,2,1,1,0,0,0,2,2,0,2,2,1,2,2,0,0,2,1,1,0,0,0,0,2,0,0,0,0,0,0,0,0,0,1,0,2,2,1,0,2,2,2,2,2,0,0,2,2,0,1,1,0,1,1,1,1,1,1,2,0,0,1,0,1,1,0,1,1,2,2,2,1,0,1,1,1,1,1,1,1,1,2,2,2,2,0,1,1,2,1,1,2,2,2,0,0,0,0,0,0
NC,NC_72,0.247,13,72,1,1,1,2,1,0,1,0,2,0,0,1,2,2,1,0,2,0,0,0,0,0,0,1,2,0,2,2,2,2,0,0,0,0,0,0,2,2,2,1,1,1,0,1,0,0,1,0,1,0,1,1,1,1,0,0,0,0,2,0,0,0,1,1,1,0,0,1,1,1,1,0,0,0,1,1,0,0,0,1,0,1,0,1,1,0,1,1,0,1,0,2,0,1,0,1,0,0,2,2,0,1,1,1,0,0,0,0,0,0,0,0,0,1,1,2,1,0,2,1,1,0,0,0,0,0,1,0,0,0,1,1,1,0,1,0,1,1,1,1,1,1,1,0,0,0,1,1,2,0,0,0,1,1,0,0,1,1,1,1,1,1,1,1,1,0,0,0,1,1,0,0,2,2,1,2,1,2,2,2,2,0,2,0,0,2,1,1,2,0,2,0,2,0,0,0,0,0,0,1,1,1,1,0,2,1,2,1,1,1,0,0,0,0,0,1,1,1
NC,NC_433,0.295,13,87,0,1,1,1,1,1,1,1,1,1,0,0,1,1,2,1,2,0,0,0,0,0,0,1,1,1,1,1,1,1,0,1,1,1,0,0,2,2,1,0,0,0,0,0,1,1,1,1,2,0,1,1,1,1,1,0,0,0,2,0,0,0,1,2,2,1,1,0,1,2,2,1,1,1,1,1,2,2,0,2,1,1,1,2,1,1,0,0,0,1,0,1,0,2,0,2,0,0,2,1,1,0,0,0,0,0,0,0,0,0,0,0,0,1,1,1,1,0,1,2,2,1,1,1,1,1,2,0,0,0,1,1,0,1,2,0,1,0,0,0,0,1,2,0,1,1,0,0,0,0,0,1,0,1,1,1,1,0,0,0,0,1,1,1,1,0,0,1,1,0,1,1,2,2,0,0,2,1,1,0,1,1,1,0,0,2,1,1,1,0,2,1,1,1,1,1,1,1,1,0,0,0,0,0,1,1,2,1,1,2,1,1,1,1,1,1,1,1
NY,NY_84,0.246,13,72,1,1,1,2,1,1,0,0,0,0,2,1,0,1,1,0,0,2,1,1,1,1,1,1,1,0,0,0,0,0,0,0,2,2,1,1,1,1,0,0,0,0,0,0,1,1,1,1,0,1,0,0,0,1,0,1,1,1,2,0,1,1,1,2,2,1,1,1,0,0,2,0,0,0,1,0,2,2,0,0,2,0,2,0,0,1,1,1,1,2,0,1,1,2,0,0,1,1,0,1,2,0,0,0,0,0,0,0,0,0,0,0,0,1,1,0,0,1,2,1,1,2,2,2,1,1,1,0,0,1,2,2,0,0,0,0,0,1,2,2,2,0,1,1,1,1,0,1,1,0,0,0,2,0,0,0,0,2,2,2,2,2,1,1,1,0,1,0,0,0,0,0,0,0,0,2,2,0,0,2,0,2,0,0,2,0,0,0,1,1,0,1,0,2,2,2,2,2,2,1,1,1,1,2,0,2,2,0,0,2,0,0,0,0,0,1,1,0
NC,NC_359,0.387,8,78,0,2,2,1,0,1,0,0,2,0,0,2,0,2,0,0,1,0,0,0,0,0,0,1,2,0,0,0,0,0,1,2,0,0,2,2,2,2,1,1,1,1,1,1,0,0,0,1,1,0,2,2,0,1,0,0,0,0,1,1,2,2,0,2,2,0,0,0,1,1,1,0,0,0,1,1,0,0,0,2,0,1,1,1,1,1,1,0,0,2,0,2,0,1,1,0,1,1,1,2,0,0,0,1,0,0,0,0,0,0,0,0,0,2,1,1,1,1,2,1,1,0,0,0,0,0,2,0,0,0,1,1,1,0,1,1,1,0,0,0,0,2,2,0,1,1,1,0,2,0,0,0,1,0,0,2,1,2,2,2,2,2,0,1,1,1,0,0,1,1,0,0,0,0,1,2,0,1,1,1,2,2,0,1,1,1,1,1,1,1,2,0,2,0,0,0,0,0,0,1,1,1,1,0,0,0,2,1,1,2,0,0,0,0,0,0,0,2
NY,NY_271,0.396,12,78,1,2,2,0,1,1,2,0,2,0,0,1,0,2,1,0,0,0,1,1,1,1,1,0,2,0,1,1,1,1,1,0,2,2,1,1,0,0,0,0,0,0,1,1,0,0,1,1,0,0,1,1,1,1,1,0,0,2,0,2,1,1,0,2,2,1,1,1,0,1,2,0,0,0,1,0,0,0,0,1,0,0,2,1,2,0,0,0,2,1,0,1,2,1,1,1,1,1,2,2,1,0,0,1,0,0,0,0,0,0,0,0,0,0,0,0,1,1,1,0,0,1,1,1,1,1,0,2,2,1,0,0,1,1,2,1,0,0,1,1,1,0,1,1,1,1,0,0,2,0,0,1,2,1,0,0,0,2,2,2,2,0,1,1,1,0,0,1,1,2,0,0,2,2,0,2,0,0,0,1,0,1,1,1,1,1,0,0,1,0,1,1,1,1,1,1,1,1,1,1,1,1,1,1,0,2,2,0,0,1,2,2,2,2,2,2,2,0
NC,NC_216,0.291,12,78,2,1,1,2,1,0,1,0,1,2,1,0,0,1,1,0,2,0,1,1,1,1,1,1,1,0,1,1,1,1,1,2,1,1,0,0,0,0,0,0,0,0,1,1,1,1,0,1,1,1,2,2,2,0,1,0,0,1,1,1,0,0,1,1,1,0,0,0,0,0,1,1,1,1,1,2,2,2,1,2,1,1,1,1,1,1,0,0,1,1,0,1,2,1,1,0,1,1,2,1,2,1,1,2,1,1,1,1,1,1,1,1,1,1,1,0,0,0,1,0,0,0,0,0,1,1,1,1,1,2,0,0,0,0,2,0,1,2,0,0,0,1,2,0,2,2,1,1,0,1,1,1,0,1,1,1,1,1,1,1,1,1,1,1,2,2,1,1,1,0,1,1,0,0,1,0,1,1,1,2,0,0,0,1,1,1,0,0,1,2,2,0,2,0,0,0,0,0,0,1,1,1,1,0,0,2,0,1,1,1,1,1,1,1,1,0,0,1
NC,NC_358,0.312,9,79,2,2,2,1,0,1,0,0,2,1,2,0,1,2,1,0,1,1,0,0,0,0,0,1,2,0,0,0,0,0,2,0,0,0,2,2,2,2,2,1,1,1,1,1,2,2,1,0,0,1,1,1,2,0,0,0,0,1,1,1,1,1,2,1,1,0,0,2,0,0,0,1,1,1,2,2,1,1,0,2,0,1,2,1,0,1,1,1,0,0,1,2,1,0,1,0,0,0,2,2,0,1,1,1,2,2,2,2,2,2,2,2,2,0,0,1,2,2,2,0,0,0,0,0,0,0,2,0,0,0,0,0,2,0,0,1,1,0,0,0,0,0,0,2,2,2,1,0,1,0,0,0,2,1,0,1,0,2,2,2,2,1,0,1,1,2,0,0,1,2,1,1,1,1,1,2,0,2,2,1,0,1,1,0,0,2,1,1,2,0,2,0,2,0,0,0,0,0,0,0,0,0,0,0,1,2,2,1,1,0,0,0,0,0,0,0,0,1
NY,NY_272,0.356,12,78,0,1,1,1,1,1,2,0,1,1,0,0,0,0,2,0,0,0,1,1,1,1,1,1,1,0,0,0,0,0,1,1,1,1,1,1,0,0,0,0,0,0,1,1,1,2,1,1,0,1,0,0,2,0,0,0,0,1,2,0,1,1,0,1,1,2,2,0,1,2,1,0,0,0,1,0,0,0,0,1,1,0,2,1,0,1,1,1,1,1,0,2,2,0,0,1,0,0,0,0,0,2,2,1,1,1,1,1,1,1,1,1,1,0,0,0,2,1,2,0,0,2,2,2,2,2,1,0,0,2,0,0,0,1,0,1,0,0,2,2,2,0,0,2,2,2,0,1,1,0,0,0,2,0,2,1,0,2,2,2,2,1,0,2,0,1,1,2,0,0,2,0,1,1,0,1,0,0,0,1,1,1,1,2,2,0,0,0,0,0,0,1,1,1,1,1,1,1,1,0,0,0,0,0,2,1,0,0,0,1,1,1,1,1,1,2,2,0
NY,NY_147,0.217,10,72,0,1,1,2,2,1,2,0,2,2,0,0,1,2,1,0,0,0,1,1,1,1,1,1,1,0,0,0,0,0,1,0,2,2,1,1,0,0,0,0,0,0,1,1,1,1,1,0,0,2,0,0,2,0,0,0,0,0,0,2,1,1,0,1,1,2,2,1,1,2,1,1,1,1,1,0,0,0,0,1,1,1,2,0,0,1,1,1,1,1,0,2,2,0,0,2,1,1,0,2,2,1,1,1,1,1,1,1,1,1,1,1,1,1,1,0,0,1,2,0,0,1,1,1,1,1,1,1,1,0,0,0,1,1,0,1,0,0,2,2,2,0,0,2,2,2,0,0,0,1,1,1,1,0,2,1,0,2,2,2,2,2,0,1,1,1,1,0,0,1,2,0,2,2,0,1,0,0,0,1,1,1,1,1,2,0,0,0,0,0,1,1,1,1,1,1,1,1,1,1,1,1,1,0,0,2,1,0,0,1,1,1,1,1,1,2,2,0
NY,NY_73,0.244,12,71,2,0,0,0,1,1,0,0,2,1,0,2,1,1,0,0,0,0,2,2,2,2,2,1,0,0,1,1,1,1,1,1,1,1,1,1,0,0,0,0,0,0,0,0,0,0,1,0,0,0,1,1,1,1,1,0,0,1,0,2,2,2,1,1,1,2,2,0,0,0,1,0,0,0,0,0,0,0,2,1,2,0,2,0,2,0,1,1,1,2,0,1,2,1,2,2,1,1,0,0,0,1,1,1,1,1,1,1,1,1,1,1,1,0,0,1,1,1,2,1,1,0,0,0,0,0,2,1,1,1,0,0,1,0,1,1,0,2,1,1,1,0,2,0,1,1,0,1,1,0,0,1,1,0,1,2,0,2,2,2,2,2,0,1,1,0,0,1,0,1,0,0,1,1,1,1,0,1,1,1,1,2,0,2,1,1,0,0,1,0,2,1,1,1,1,1,1,1,1,1,1,1,1,2,0,1,1,0,0,0,0,0,1,1,1,2,2,0
NY,NY_108,0.258,13,72,1,1,1,0,1,1,2,0,0,1,0,0,1,1,2,0,0,0,2,2,2,2,2,1,2,0,1,1,1,1,1,0,2,2,1,1,1,1,0,0,0,0,0,0,0,0,1,1,0,0,1,1,2,0,1,0,0,2,1,1,0,0,1,2,2,1,1,1,0,1,2,0,0,0,1,0,1,1,1,1,1,0,1,0,2,0,0,0,2,2,0,1,2,1,1,1,1,1,1,1,0,1,1,1,1,1,1,1,1,1,1,1,1,0,0,0,2,0,1,1,1,1,1,1,1,1,2,1,1,1,0,0,2,2,1,1,0,1,2,2,2,0,1,1,0,0,0,2,1,0,0,0,2,1,1,1,0,2,2,2,2,1,1,1,1,0,0,1,1,1,0,0,1,1,0,1,0,0,0,1,0,1,1,2,2,0,1,1,1,0,0,0,2,0,0,0,0,0,0,2,2,2,2,1,0,1,2,0,0,1,1,1,1,1,1,2,2,0
QC32,QC32_374,0.354,8,78,1,0,0,1,1,1,0,1,1,0,0,1,1,0,2,1,0,1,2,2,2,2,2,1,0,2,2,2,2,2,0,2,0,0,1,1,0,0,2,0,0,0,2,2,1,2,2,2,1,1,0,0,1,0,1,1,1,0,0,0,1,1,1,1,1,0,0,1,2,1,1,1,1,1,0,1,1,1,1,1,0,2,2,1,1,1,0,0,1,1,0,0,1,1,0,0,1,1,2,0,0,1,1,0,1,2,2,2,2,2,2,2,2,1,1,2,1,1,0,0,0,1,1,1,1,1,1,1,1,0,2,2,1,2,0,1,0,2,1,1,1,0,1,0,0,0,1,1,0,0,0,0,2,1,0,0,2,2,2,2,2,1,0,0,1,0,1,1,1,1,1,1,1,1,2,0,2,1,1,0,1,1,0,0,2,0,2,2,0,0,0,0,2,0,0,0,0,0,0,1,1,1,1,1,0,1,2,1,1,1,1,1,1,1,1,0,0,1
QC32,QC32_7,0.332,13,69,1,1,1,0,1,1,2,2,0,2,2,1,1,1,2,1,1,2,1,1,1,1,1,1,1,0,1,1,1,1,1,0,0,0,2,2,0,0,0,0,0,0,2,2,0,1,1,2,0,0,2,2,1,1,0,1,1,2,0,2,1,1,0,1,1,1,1,1,2,1,2,1,1,1,0,1,1,1,2,0,1,2,1,0,1,1,0,0,0,0,0,1,1,1,2,0,0,0,1,1,0,1,1,1,1,1,1,1,1,1,1,1,1,1,1,0,2,1,0,1,1,1,1,1,0,0,2,2,2,0,0,0,0,1,2,1,1,1,0,0,0,1,1,0,0,0,0,0,0,1,1,1,2,1,1,0,1,1,1,1,1,2,1,1,0,2,2,1,0,0,0,1,1,1,2,0,2,0,0,1,2,0,1,1,1,1,1,1,0,2,0,1,1,1,1,1,1,1,1,1,1,1,1,0,2,0,0,0,0,0,2,2,2,2,2,0,0,2
NY,NY_145,0.253,10,72,0,0,0,1,0,1,2,0,0,1,0,0,0,1,0,0,0,0,0,0,0,0,0,0,1,0,0,0,0,0,0,1,1,1,1,1,1,1,0,0,0,0,0,0,2,2,1,1,0,1,1,1,0,1,0,0,0,1,2,0,1,1,1,0,0,2,2,0,0,0,1,2,2,2,1,0,1,1,1,2,1,0,1,0,1,1,0,0,2,1,1,1,0,0,1,1,1,1,0,1,2,2,2,2,1,1,1,1,1,1,1,1,1,1,1,1,0,1,2,2,2,1,1,1,1,1,1,2,2,2,0,0,0,0,0,1,0,2,2,2,2,1,0,2,2,2,0,0,2,0,0,0,2,0,1,1,1,0,0,0,0,1,2,1,1,1,2,0,0,0,2,1,2,2,1,0,1,0,0,2,1,1,0,0,2,0,1,1,2,2,1,1,1,1,1,1,1,1,1,0,0,0,0,0,1,1,0,0,0,2,2,2,2,2,2,1,1,0
NY,NY_85,0.264,12,71,0,0,0,2,2,2,2,0,0,2,1,0,0,0,2,2,1,0,0,0,0,0,0,0,0,0,0,0,0,0,2,0,2,2,1,1,0,0,0,1,1,1,1,1,0,0,1,0,1,2,0,0,2,0,0,0,0,1,2,0,1,1,1,0,0,1,1,2,1,1,1,2,2,2,1,0,1,1,1,0,0,1,2,1,1,2,1,1,2,0,1,1,1,0,0,0,0,0,1,0,1,0,0,0,0,0,0,0,0,0,0,0,0,2,2,0,0,1,2,1,1,0,0,0,2,2,0,1,1,2,0,0,1,1,0,1,1,1,2,2,2,0,0,1,2,2,0,0,0,1,1,1,0,0,2,0,1,2,2,2,2,1,1,1,2,2,1,0,0,1,1,1,1,1,1,1,0,0,0,1,0,2,0,1,2,0,0,0,1,2,0,1,1,1,1,1,1,1,1,2,2,2,2,0,0,0,1,0,0,2,0,0,2,2,2,0,0,0
NC,NC_431,0.272,9,83,1,0,0,1,1,2,1,2,2,1,0,1,0,0,0,0,1,0,1,1,1,1,1,1,1,1,0,0,0,0,2,2,2,2,2,2,1,1,0,1,1,1,0,0,1,2,0,1,2,0,1,1,1,1,1,0,0,2,1,1,1,1,0,0,0,0,0,0,0,0,2,1,1,1,2,2,2,2,1,2,0,2,0,1,2,1,0,0,0,2,0,1,1,1,1,1,1,1,1,0,0,2,2,1,1,1,1,1,1,1,1,1,1,1,1,0,2,1,2,0,0,1,1,1,2,2,2,1,1,1,0,0,0,0,2,0,1,2,0,0,0,1,2,0,1,1,2,0,1,0,0,0,1,1,0,2,2,1,1,1,1,1,2,1,2,2,0,1,2,2,1,0,0,0,2,0,0,2,2,0,0,0,0,0,1,1,0,0,1,2,2,0,2,0,0,0,0,0,0,0,0,0,0,0,1,2,1,0,0,2,1,1,1,1,1,1,1,1
QC32,QC32_164,0.326,11,73,2,0,0,0,2,1,1,2,1,1,1,1,2,0,1,2,0,0,2,2,2,2,2,0,1,1,1,1,1,1,1,0,1,1,1,1,1,1,0,0,0,0,1,1,0,0,2,1,0,1,2,2,1,0,1,1,1,0,0,2,1,1,0,2,2,0,0,1,2,1,1,0,0,0,0,2,2,2,1,0,0,1,0,0,1,0,0,0,1,1,0,1,0,0,0,0,1,1,0,0,1,1,1,0,2,2,2,2,2,2,2,2,2,0,0,1,0,1,0,0,0,1,1,1,1,1,1,0,0,1,0,0,0,0,0,1,1,0,1,1,1,0,1,0,0,0,0,1,0,0,0,0,2,0,1,2,1,0,0,0,0,0,0,1,0,1,2,1,1,0,0,1,1,1,0,0,1,1,1,1,2,0,1,1,1,1,1,1,1,2,0,0,2,0,0,0,0,0,0,1,1,1,1,1,2,0,2,2,2,1,1,1,0,0,0,2,2,1
NY,NY_13,0.31,13,69,0,0,0,2,1,1,1,0,1,1,0,1,1,0,1,1,1,1,0,0,0,0,0,1,0,0,1,1,1,1,1,1,1,1,2,2,1,1,0,0,0,0,1,1,0,0,0,2,1,2,0,0,1,1,1,0,0,0,1,1,1,1,0,1,1,2,2,1,1,0,1,1,1,1,2,0,0,0,2,1,2,1,2,1,1,2,1,1,2,1,1,1,1,0,0,2,0,0,1,0,1,2,2,1,2,2,2,2,2,2,2,2,2,0,0,0,1,1,0,0,0,1,1,1,1,1,2,0,0,0,0,0,0,1,1,1,0,2,1,1,1,0,1,1,2,2,0,0,1,0,0,0,1,1,1,1,0,1,1,1,1,1,0,2,1,0,2,0,1,2,0,1,1,1,0,0,0,0,0,1,0,2,0,0,1,0,0,0,0,0,1,0,2,0,0,0,0,0,0,1,1,1,1,2,0,0,0,0,0,2,0,0,0,0,0,1,1,0
VA1,VA1_383,0.671,10,80,0,0,0,0,2,1,2,1,2,1,0,0,1,0,1,0,0,0,1,1,1,1,1,1,1,0,0,0,0,0,1,0,1,2,1,1,0,0,0,0,0,0,2,2,1,2,1,0,0,2,0,0,0,1,0,0,0,1,0,2,0,0,0,1,1,1,0,1,1,2,1,0,0,0,1,1,2,2,0,1,1,1,2,0,0,2,0,0,1,1,0,2,2,0,0,1,1,1,0,0,1,1,1,1,0,0,0,0,0,0,0,0,0,1,1,0,2,0,2,0,0,2,2,2,0,0,0,0,0,0,0,0,1,1,0,1,0,0,2,2,2,0,0,2,2,2,1,1,2,0,0,0,1,0,2,2,0,2,2,2,2,1,0,1,2,0,1,1,0,1,2,0,2,2,0,1,0,0,0,0,1,1,1,2,1,1,2,2,0,0,0,1,1,1,1,1,1,1,1,1,1,1,1,0,0,2,0,0,0,1,1,1,1,1,1,0,0,0
QC32,QC32_63,0.299,12,71,1,2,2,0,1,1,0,1,2,2,1,0,2,1,1,1,0,1,2,2,2,2,2,1,1,1,1,1,1,1,0,0,0,0,0,0,0,0,0,0,0,0,1,1,0,0,2,1,0,0,2,2,0,2,1,2,2,0,1,1,1,1,2,1,1,1,1,2,1,1,1,0,0,0,0,1,2,2,0,0,0,0,0,1,1,0,0,0,1,2,1,1,1,2,0,0,2,2,1,1,0,1,1,1,1,1,1,1,1,1,1,1,1,1,1,1,2,1,1,1,1,0,0,0,1,1,0,0,0,0,1,1,2,1,2,0,1,1,0,0,0,2,2,0,0,0,0,1,1,1,1,1,1,0,1,0,2,0,0,0,0,2,0,1,1,0,2,1,1,0,0,1,1,0,2,0,1,0,0,0,2,0,0,1,2,0,1,1,0,1,0,0,2,0,0,0,0,0,0,1,1,1,1,0,0,1,0,2,2,0,1,1,1,1,1,0,0,0
QC93,QC93_21,0.232,10,66,1,2,2,0,1,0,0,0,2,2,1,0,0,1,1,0,2,1,2,2,2,2,2,1,0,2,0,0,0,0,2,0,1,1,1,1,0,0,0,2,1,1,2,2,1,1,0,1,1,0,1,1,1,1,0,2,2,1,1,1,1,1,0,1,1,2,2,0,0,1,1,1,1,1,0,0,2,2,1,0,2,1,1,0,1,1,0,1,1,1,1,0,0,2,1,1,1,1,1,1,0,0,0,0,0,0,0,0,0,0,0,0,0,1,1,0,0,1,0,1,1,1,1,1,2,2,1,0,0,0,0,0,1,1,1,1,0,1,0,0,0,2,1,1,1,1,1,0,1,1,1,1,0,1,1,0,1,1,1,1,1,0,2,2,1,2,0,1,0,0,0,0,0,0,2,1,2,2,2,0,0,0,1,0,0,1,1,1,1,0,2,1,1,1,1,1,1,1,1,1,1,1,1,1,0,1,1,1,1,2,2,2,1,1,1,1,1,1
NY,NY_83,0.307,13,72,0,1,1,2,1,1,2,0,2,1,2,2,1,1,2,0,1,1,0,0,0,0,0,1,1,1,1,1,1,1,1,1,2,2,2,2,0,0,0,2,2,2,1,1,1,1,0,0,1,0,1,1,0,1,1,1,1,0,2,0,0,0,1,0,0,2,2,2,1,2,0,1,1,1,0,2,1,1,1,0,2,1,1,0,1,1,0,0,1,0,1,0,0,1,2,1,2,2,1,1,0,0,0,1,2,2,2,2,2,2,2,2,2,2,2,1,0,0,0,1,1,0,0,0,2,2,0,1,1,0,1,1,2,2,0,1,0,2,1,1,1,1,0,2,2,2,0,1,1,2,2,2,2,0,1,2,2,0,0,0,0,0,1,0,1,2,1,2,0,1,0,0,1,1,0,2,0,2,2,0,1,0,2,1,0,1,2,2,0,1,0,1,1,1,1,1,1,1,1,0,0,0,0,0,0,1,1,1,1,0,1,1,0,0,0,0,0,2
VA1,VA1_45,0.385,11,67,2,2,2,1,2,0,0,0,0,0,2,2,1,2,1,1,0,1,0,0,0,0,0,1,1,1,0,0,0,0,2,2,0,0,0,0,0,0,1,1,1,1,1,1,0,0,2,2,2,1,0,0,0,1,1,2,2,2,1,0,2,2,2,2,2,1,1,0,1,2,0,0,0,0,1,2,0,0,2,2,2,0,0,0,0,1,1,1,0,2,1,1,1,0,2,1,0,0,0,2,0,2,2,1,0,0,0,0,0,0,0,0,0,0,0,1,0,0,1,2,2,1,1,1,0,0,2,0,0,0,1,1,2,0,1,0,0,0,1,1,1,2,2,0,2,2,2,1,0,1,1,1,0,1,0,0,0,1,1,1,1,1,0,0,1,1,2,0,1,0,2,1,0,0,1,0,1,2,2,1,1,2,0,2,0,2,1,1,0,1,0,2,0,2,2,2,2,2,2,1,1,1,1,0,1,1,0,0,0,0,1,1,1,1,1,1,1,1
QC32,QC32_388,0.261,7,77,2,1,1,0,2,1,0,1,1,1,0,1,1,0,1,2,0,1,2,2,2,2,2,1,1,0,2,2,2,2,0,1,1,1,1,1,1,1,1,1,1,1,0,0,0,0,1,2,0,1,2,2,1,1,0,1,1,1,1,1,1,1,1,2,2,0,0,1,2,1,1,0,0,0,0,1,2,2,1,0,1,1,1,0,1,1,1,1,1,0,1,1,1,1,1,0,1,1,1,0,1,0,0,1,0,0,0,0,0,0,0,0,0,0,0,1,0,1,0,1,1,1,1,1,1,1,1,0,0,1,0,0,0,0,0,1,1,2,1,1,1,0,0,1,0,0,0,1,0,1,0,0,2,0,1,2,1,0,0,0,0,0,1,0,0,1,2,1,1,0,0,1,2,2,0,0,0,1,1,0,1,1,0,0,1,1,1,1,1,2,0,0,2,0,0,0,0,0,0,1,1,1,1,1,1,0,0,1,1,1,0,0,0,0,0,2,2,0
QC32,QC32_65,0.298,12,71,2,1,1,0,2,1,1,0,0,0,0,2,0,1,1,2,2,1,2,2,2,2,2,0,1,1,1,1,1,1,0,2,0,0,1,1,0,0,1,1,1,1,1,1,2,2,1,0,0,0,2,2,1,1,1,0,0,1,0,2,1,1,1,1,1,0,0,0,1,1,1,1,1,1,0,2,0,0,0,0,1,0,1,0,2,0,1,1,1,1,1,1,0,2,0,0,2,2,1,0,0,1,1,0,0,0,0,0,0,0,0,0,0,0,0,1,1,0,1,1,1,1,1,1,1,1,1,1,1,1,2,2,1,1,0,0,1,2,2,2,2,0,1,1,1,1,0,0,2,0,0,0,1,0,0,1,1,1,1,1,1,1,1,0,1,1,2,0,1,0,1,0,1,1,2,1,2,0,0,2,0,0,0,0,2,0,1,1,0,0,0,1,1,1,1,1,1,1,1,1,1,1,1,0,0,0,1,1,1,2,2,2,2,2,2,0,0,0
VA2,VA2_149,0.244,9,71,2,0,0,1,0,1,0,0,0,2,0,0,1,0,1,1,0,1,2,2,2,2,2,1,1,1,0,0,0,0,1,1,0,0,0,0,2,2,1,1,1,1,1,1,1,1,0,1,1,0,0,0,0,2,2,1,1,1,2,0,1,1,0,1,1,1,1,0,1,1,2,0,0,0,2,1,2,2,1,0,1,1,0,1,0,0,1,1,1,0,1,0,1,1,1,1,1,1,0,0,0,0,0,0,1,1,1,1,1,1,1,1,1,2,2,1,2,1,0,2,2,0,0,0,2,2,0,2,2,1,2,2,1,1,2,1,1,2,1,1,1,1,1,0,0,0,2,1,1,0,0,0,2,1,2,0,2,1,1,1,1,1,0,1,1,0,1,2,1,2,1,1,0,0,0,2,0,1,1,0,1,1,1,0,1,1,1,1,2,2,1,1,1,1,1,1,1,1,1,0,0,0,0,2,1,2,1,1,1,2,0,0,0,0,0,0,0,1
VA1,VA1_112,0.252,13,72,1,2,2,2,0,1,0,2,0,0,1,0,0,1,1,0,1,2,0,0,0,0,0,1,2,0,0,0,0,0,1,1,0,0,0,0,0,0,2,0,0,0,1,1,0,1,1,2,1,1,1,1,1,1,1,0,0,2,0,2,2,2,1,0,0,1,1,1,2,1,2,2,2,2,2,1,0,0,1,2,1,0,1,0,1,1,2,2,1,1,2,0,1,0,0,1,1,1,0,2,0,1,1,2,1,1,1,1,1,1,1,1,1,1,1,1,1,1,2,2,2,2,2,2,0,0,1,0,0,1,1,1,0,1,1,0,1,1,0,0,0,0,1,1,2,2,1,1,1,1,1,1,0,2,1,0,0,1,1,1,1,2,1,1,1,0,0,1,0,0,1,1,0,0,2,2,2,1,1,1,1,1,1,2,0,2,2,2,1,1,2,2,0,2,2,2,2,2,2,2,2,2,2,0,1,0,1,1,1,1,0,0,0,0,0,2,2,0
QC32,QC32_250,0.362,10,76,1,0,0,0,2,1,0,1,0,0,0,0,1,1,0,2,0,0,1,1,1,1,1,0,1,0,1,1,1,1,1,0,0,0,0,0,1,1,1,0,0,0,0,0,0,0,1,2,0,2,2,2,1,0,0,1,1,0,0,2,1,1,2,2,2,0,0,2,1,1,2,0,0,0,0,2,1,1,1,1,1,2,2,0,0,1,0,0,0,2,0,0,0,1,1,0,2,2,0,1,0,0,0,0,0,0,0,0,0,0,0,0,0,2,2,1,0,2,0,1,1,1,1,1,0,0,1,2,1,2,0,0,1,0,2,0,2,0,0,0,0,0,1,0,1,1,0,2,1,0,0,0,2,0,1,0,1,0,0,0,0,1,2,2,0,1,2,0,1,0,0,0,0,0,2,0,2,2,1,1,2,0,1,2,2,0,1,1,1,2,1,0,2,0,0,0,0,0,0,1,1,1,1,1,1,0,0,1,1,1,1,1,1,1,1,1,1,2
NY,NY_284,0.388,10,76,1,0,0,1,1,1,1,0,2,2,0,2,1,2,0,0,0,1,1,1,1,1,1,1,1,0,1,1,1,1,1,1,1,1,1,1,0,0,0,0,0,0,0,0,0,0,1,0,0,2,1,1,0,2,0,0,0,2,0,2,2,2,0,1,1,2,2,2,0,1,2,1,1,1,0,0,0,0,1,1,1,0,1,0,1,1,0,0,1,1,1,1,2,0,1,1,1,1,1,2,1,1,1,1,1,1,1,1,1,1,1,1,1,0,0,0,1,1,2,1,1,0,0,0,0,0,2,2,2,2,0,0,0,0,0,1,0,0,1,1,1,0,1,1,2,2,0,1,2,0,0,2,1,0,1,1,0,2,2,2,2,2,0,1,1,0,0,1,0,2,0,0,1,1,0,1,0,0,0,1,0,2,0,1,1,1,1,1,1,0,2,2,0,2,2,2,2,2,2,2,2,2,2,1,0,2,2,0,0,1,2,2,2,2,2,2,2,0
QC93,QC93_369,0.396,8,78,0,0,0,1,2,1,1,0,2,2,2,2,1,1,0,2,2,2,2,2,2,2,2,0,2,0,1,1,1,1,1,0,2,2,0,0,0,0,0,1,1,1,2,2,0,0,1,2,2,2,1,1,0,2,1,0,0,1,1,0,1,1,0,1,1,0,0,0,0,0,0,1,1,1,0,1,1,0,0,0,1,1,0,0,1,1,2,2,2,0,2,1,0,0,0,0,1,1,0,1,1,1,1,1,1,1,1,1,1,1,1,1,1,0,0,2,1,1,0,0,0,2,2,2,2,2,1,2,2,0,0,0,0,0,0,0,2,0,1,1,1,1,1,1,1,1,0,1,2,2,2,2,1,2,2,1,2,0,0,0,0,2,2,0,1,1,0,0,2,0,0,1,0,1,0,1,0,1,1,0,1,2,0,0,0,2,2,2,1,1,0,2,0,2,2,2,2,2,2,1,1,1,1,1,0,1,0,0,0,1,0,0,0,0,0,2,2,1
QC93,QC93_20,0.262,10,66,0,1,1,0,2,0,1,1,1,0,1,1,0,2,1,1,1,0,0,0,0,0,0,0,1,1,1,1,1,1,1,0,2,2,0,0,0,0,0,0,0,0,2,2,1,1,0,2,0,2,2,2,0,1,0,0,0,1,2,0,1,1,0,1,1,2,2,0,0,0,1,1,1,1,0,0,1,1,1,0,2,1,1,0,0,1,1,1,0,1,0,0,0,1,1,1,1,1,0,2,0,1,1,1,2,2,2,2,2,2,2,2,2,1,1,0,1,0,0,1,1,1,1,1,0,0,0,2,2,1,0,0,1,1,1,0,0,1,0,0,0,1,1,0,1,1,0,0,0,1,1,1,1,2,0,2,2,0,0,0,0,1,1,1,0,1,0,1,0,0,1,0,0,0,0,0,1,1,1,2,0,1,0,0,0,1,0,0,1,1,2,2,0,2,2,2,2,2,2,2,2,2,2,0,1,0,0,1,1,0,1,1,1,1,1,2,2,0
VA2,VA2_350,0.267,10,80,2,0,0,0,0,2,2,2,0,2,1,0,1,1,1,2,1,1,2,2,2,2,2,2,0,2,2,2,2,2,0,1,0,0,0,0,2,2,2,1,1,1,1,1,0,0,1,0,0,0,0,0,1,1,0,1,1,1,1,0,2,2,1,1,1,0,0,0,1,0,2,0,0,0,0,1,0,0,0,1,2,2,1,1,0,1,0,0,1,1,0,0,0,0,0,0,0,0,0,2,1,2,2,0,2,2,2,2,2,2,2,2,2,1,1,0,2,1,0,2,2,1,1,1,2,2,1,1,1,0,0,0,0,1,2,2,2,1,1,1,1,0,2,0,0,0,1,1,0,0,0,1,1,2,0,0,2,0,1,0,0,1,0,0,2,0,0,2,0,1,0,0,0,0,1,0,1,0,0,0,2,0,2,0,0,2,1,1,1,2,0,2,0,2,2,2,2,2,2,0,0,0,0,2,1,0,2,0,0,1,2,2,2,2,2,2,2,1
QC93,QC93_103,0.169,10,69,0,2,2,1,1,1,2,0,2,1,1,1,1,2,1,1,1,0,0,0,0,0,0,0,1,1,1,1,1,1,1,2,1,1,1,1,1,1,0,1,1,1,1,1,1,1,1,1,1,0,1,1,0,1,2,1,1,0,2,0,1,1,2,0,0,1,1,2,0,1,2,1,1,1,0,1,1,1,2,0,1,1,1,1,1,1,0,0,0,0,0,0,0,2,0,2,0,0,1,2,0,1,1,1,0,0,0,0,0,0,0,0,0,0,0,1,1,0,0,0,0,1,1,1,0,0,0,1,1,0,0,0,1,1,2,1,0,1,1,1,1,2,2,0,1,2,2,1,1,0,0,0,0,1,1,2,1,0,0,0,0,1,2,1,1,2,1,0,2,0,0,1,1,1,1,2,1,1,1,0,0,2,0,1,0,2,1,1,1,1,2,1,1,1,1,1,1,1,1,0,0,0,0,0,1,2,2,1,1,0,1,1,1,1,1,0,0,1
QC32,QC32_378,0.324,8,78,1,2,2,0,1,1,0,2,0,2,1,0,0,0,1,2,1,1,2,2,2,2,2,0,0,2,0,0,0,0,1,1,0,0,2,2,1,1,0,0,0,0,0,0,0,1,1,2,0,1,1,1,0,1,1,1,1,0,0,2,1,1,1,0,0,0,0,0,2,2,0,1,1,1,0,1,0,0,1,0,1,1,0,1,1,0,0,0,1,2,1,0,2,1,0,0,2,2,1,0,0,0,0,0,1,1,1,1,1,1,1,1,1,0,0,1,0,2,1,0,0,1,1,1,1,1,1,0,0,0,1,1,0,1,1,0,1,1,2,2,2,2,1,1,0,0,0,1,1,1,1,1,1,0,1,0,1,0,0,0,0,1,1,1,0,0,2,0,0,0,0,1,1,1,1,0,1,0,0,1,1,1,1,2,2,0,1,1,0,0,0,0,2,0,0,0,0,0,0,1,1,1,1,0,1,0,0,1,1,0,1,1,0,0,0,1,1,1
VA2,VA2_114,0.273,12,71,0,1,1,1,0,1,0,1,0,1,0,0,1,0,1,1,0,1,2,2,2,2,2,0,1,1,1,1,1,1,1,1,0,0,0,0,2,2,1,2,2,2,1,1,1,1,2,1,1,0,0,0,0,1,0,0,0,1,1,1,0,1,1,1,1,2,2,0,1,1,1,0,0,0,1,1,2,2,1,1,1,1,0,0,1,1,1,1,1,0,1,1,2,1,1,2,1,1,0,0,0,1,1,0,1,1,1,1,1,1,1,1,1,1,1,2,2,1,0,1,1,1,1,1,1,1,1,1,1,1,0,0,2,1,1,1,1,1,2,2,2,2,1,1,0,1,2,1,1,0,0,0,1,1,2,0,1,0,0,0,0,0,0,1,1,0,1,2,1,2,1,1,1,1,0,2,1,1,1,0,1,0,2,0,0,1,1,1,2,2,0,2,0,2,2,2,2,2,2,0,0,0,0,2,1,2,0,1,1,2,2,2,1,1,1,0,0,2
QC93,QC93_37,0.26,11,67,0,1,1,1,0,1,1,0,1,1,1,2,0,1,1,1,2,1,0,0,0,0,0,1,1,1,1,1,1,1,1,0,1,1,2,2,0,0,1,2,2,2,2,2,2,2,2,0,0,1,2,2,1,1,1,1,1,1,2,0,1,1,1,0,0,1,1,2,1,1,0,0,0,0,0,0,1,1,0,0,1,2,2,0,2,1,1,1,0,0,1,1,0,1,0,2,2,2,1,1,1,1,1,1,1,1,1,1,1,1,1,1,1,0,0,1,0,1,0,1,1,0,0,0,0,0,1,2,2,0,0,0,0,1,0,1,1,1,1,1,1,1,1,1,2,2,1,0,1,1,1,2,0,0,0,2,1,0,0,0,0,0,2,0,0,2,2,1,1,2,1,1,1,1,0,1,1,2,2,2,1,1,1,0,1,0,2,2,1,1,2,2,0,2,2,2,2,2,2,2,2,2,2,2,0,1,1,1,1,1,1,1,1,1,1,0,0,2
NY,NY_326,0.304,8,78,0,0,0,0,1,1,0,0,0,2,1,2,1,2,0,1,2,0,0,0,0,0,0,0,2,0,1,1,1,1,1,0,2,2,1,1,1,1,0,1,1,1,1,1,0,0,1,1,2,1,2,2,1,0,0,0,0,2,2,0,0,0,2,0,0,2,2,1,2,1,0,0,0,0,1,0,0,0,0,2,1,0,2,1,2,0,0,0,2,2,0,2,2,0,0,2,1,1,0,2,0,2,2,0,0,0,0,0,0,0,0,0,0,2,1,0,1,1,1,1,1,0,0,0,1,1,2,1,1,2,0,0,0,0,0,1,2,0,2,2,2,1,0,2,0,0,0,1,0,1,1,1,2,1,2,2,1,1,1,1,1,0,0,0,1,1,1,0,0,1,1,0,1,1,1,0,0,0,0,0,1,2,0,1,2,0,0,0,1,1,1,1,1,1,1,1,1,1,1,1,1,1,1,1,0,0,1,0,0,1,1,1,1,1,1,1,1,1
VA1,VA1_172,0.262,9,71,0,1,1,0,1,1,0,1,1,1,2,0,0,0,2,1,0,0,1,1,1,1,1,2,2,0,0,0,0,0,2,2,0,0,0,0,1,1,1,0,0,0,2,2,1,1,1,1,1,0,1,1,1,1,0,1,1,0,1,0,1,1,1,2,2,2,2,1,2,0,0,2,2,2,2,0,2,2,1,1,0,2,1,1,1,1,1,1,1,1,1,0,2,2,1,0,1,1,1,0,2,1,1,0,0,0,0,0,0,0,0,0,0,0,0,1,0,0,2,1,1,0,0,0,1,1,0,1,1,0,2,2,1,2,1,1,0,2,2,2,2,0,1,1,1,1,0,0,0,2,2,2,0,0,2,0,2,2,2,2,2,1,2,0,1,1,1,0,2,0,2,2,1,1,1,0,1,2,1,1,1,0,2,2,0,2,0,0,1,2,1,1,1,1,1,1,1,1,1,1,1,1,1,2,1,0,0,1,1,0,0,0,0,0,0,2,2,2
VA2,VA2_197,0.283,8,74,0,1,1,0,0,1,0,2,0,1,1,1,1,1,0,1,1,1,0,0,0,0,0,1,0,2,1,1,1,1,1,1,0,0,0,0,2,2,1,1,1,1,0,0,2,2,0,1,1,0,0,0,1,1,0,1,1,0,0,1,1,1,2,0,0,0,0,0,1,1,1,1,1,1,1,1,1,1,1,0,0,1,0,0,0,1,0,0,0,1,1,1,2,1,1,0,1,1,1,1,1,0,0,0,0,0,0,0,0,0,0,0,0,2,2,0,1,1,1,1,1,0,0,0,1,1,0,2,2,1,0,0,0,0,1,1,1,1,1,1,1,0,0,2,1,1,1,0,0,2,2,2,1,1,1,0,2,0,0,0,0,2,0,1,1,1,0,1,2,2,2,1,1,1,1,2,1,0,0,0,2,0,2,2,1,1,1,1,2,1,0,1,1,1,1,1,1,1,1,0,0,0,0,1,1,2,2,1,1,1,2,2,1,1,1,2,2,1
QC93,QC93_33,0.248,11,67,0,0,0,1,1,2,1,0,2,1,2,2,0,1,1,1,1,2,1,1,1,1,1,1,1,1,0,0,0,0,2,0,1,1,2,2,1,1,1,2,2,2,2,2,2,2,1,0,0,0,1,1,2,0,1,1,1,1,2,0,1,1,1,0,0,1,1,2,1,0,1,0,0,0,1,0,1,1,1,0,2,0,2,1,1,1,1,1,1,0,2,0,0,1,2,1,0,0,1,0,0,0,0,1,1,1,1,1,1,1,1,1,1,0,0,0,1,0,0,1,1,1,1,1,0,0,2,2,2,0,0,0,0,1,1,2,1,2,1,1,1,1,1,1,1,1,1,1,1,2,2,2,1,0,0,2,0,0,0,0,0,0,2,0,2,2,2,0,1,0,1,1,0,0,0,1,1,1,1,1,1,1,1,0,1,1,2,2,0,0,2,2,0,2,2,2,2,2,2,0,0,0,0,0,0,1,0,1,1,1,1,1,1,1,1,0,0,2
QC32,QC32_122,0.289,12,74,2,1,1,1,2,1,1,0,1,0,0,0,0,1,0,2,1,2,2,2,2,2,2,1,0,1,2,2,2,2,0,1,0,0,0,0,0,0,2,0,0,0,0,0,0,0,1,0,0,2,1,1,2,0,1,2,2,0,1,1,1,1,1,1,1,0,0,0,1,1,1,1,1,1,0,2,1,1,1,1,0,1,0,0,1,2,1,1,1,1,2,1,2,1,1,0,1,1,1,0,0,1,1,0,1,1,1,1,1,1,1,1,1,0,0,1,1,0,0,0,0,0,0,0,1,1,2,2,2,0,1,1,2,0,1,0,2,1,2,2,2,1,1,1,0,1,0,0,1,0,0,0,1,0,1,0,2,0,0,0,0,1,1,2,1,1,2,0,1,0,0,0,0,0,2,0,1,0,0,1,2,1,0,0,1,1,0,0,1,2,1,0,2,0,0,0,0,0,0,2,2,2,2,1,0,1,0,1,1,1,2,2,2,2,2,0,0,1
QC32,QC32_55,0.293,12,71,2,1,1,0,2,2,0,1,1,0,0,1,1,1,1,2,1,1,2,2,2,2,2,0,1,1,1,1,1,1,0,2,0,0,2,2,0,0,0,2,2,2,1,1,0,0,0,1,1,1,1,1,2,0,0,2,2,1,1,0,2,2,1,1,1,0,0,2,2,1,1,0,0,0,0,2,1,1,0,0,2,2,2,1,2,1,2,2,1,1,1,2,0,1,0,0,2,2,1,0,0,2,2,0,1,1,1,1,1,1,1,1,1,0,0,1,1,0,0,1,1,0,0,0,1,1,1,2,1,1,0,0,2,0,0,1,1,0,1,1,1,0,2,0,1,1,0,1,1,0,0,0,1,0,2,1,0,0,0,0,0,1,1,1,0,0,2,1,1,0,0,0,0,0,2,0,1,0,0,0,1,0,1,2,2,0,1,1,0,2,1,0,2,0,0,0,0,0,0,2,2,2,2,0,1,0,1,0,0,0,0,0,0,0,0,1,1,0
QC32,QC32_62,0.26,12,71,1,1,1,0,2,1,0,2,1,0,1,1,1,0,1,2,0,0,1,1,1,1,1,0,1,1,1,1,1,1,1,1,0,0,1,1,1,1,1,1,1,1,1,1,0,0,1,0,0,0,1,1,1,1,1,2,2,0,1,1,0,0,1,2,2,1,1,0,1,1,1,0,0,0,0,1,2,2,1,1,0,1,0,0,1,0,1,1,1,1,0,1,1,0,1,2,2,2,1,0,0,1,1,0,1,1,1,1,1,1,1,1,1,1,1,1,1,0,0,1,1,1,1,1,0,0,2,0,0,2,0,0,2,1,0,1,1,1,1,1,1,0,1,0,0,0,0,1,1,0,0,0,2,0,1,0,1,0,0,0,0,1,1,1,0,1,2,0,1,0,0,0,0,0,0,0,0,0,0,0,1,1,1,0,1,1,2,2,1,2,0,0,2,0,0,0,0,0,0,2,2,2,2,1,2,0,2,1,1,1,1,1,0,0,0,2,2,0
VA2,VA2_120,0.223,11,73,1,2,2,1,0,1,2,1,1,0,1,1,1,1,0,1,1,2,0,0,0,0,0,0,1,1,0,0,0,0,2,1,0,0,1,1,0,0,1,1,1,1,1,1,2,2,0,1,0,1,0,0,1,1,1,0,0,0,1,1,1,1,0,1,1,0,0,0,1,1,2,2,2,2,0,2,1,1,1,1,1,0,0,0,0,1,1,1,1,0,2,1,0,0,0,2,1,1,2,2,1,1,1,2,1,1,1,1,1,1,1,1,1,0,0,2,0,0,1,1,1,0,0,0,0,0,0,2,2,0,2,2,0,0,1,1,1,2,2,2,2,0,2,0,0,0,1,1,0,1,1,1,0,2,2,1,1,1,1,1,1,1,1,0,1,2,0,0,1,0,2,0,1,1,0,1,2,1,1,1,0,1,0,1,1,1,0,0,1,2,0,1,1,1,1,1,1,1,1,0,0,0,0,0,2,0,1,2,2,2,0,0,0,0,0,1,1,0
NY,NY_269,0.292,8,74,1,1,1,2,0,1,2,1,2,2,0,0,1,1,1,0,0,0,1,1,1,1,1,1,1,0,0,0,0,0,2,0,1,1,1,1,0,0,0,0,0,0,1,1,1,1,1,0,0,2,0,0,2,0,0,0,0,0,0,2,0,0,0,1,1,2,2,1,1,2,1,1,1,1,0,0,0,0,0,1,2,1,2,2,0,1,2,2,1,1,0,1,2,0,0,2,0,0,2,1,1,1,1,2,1,1,1,1,1,1,1,1,1,1,1,0,1,1,1,0,0,2,2,2,0,0,1,1,1,1,0,0,0,1,0,1,0,0,2,2,2,0,0,1,2,2,0,1,1,1,1,2,0,1,1,2,0,2,2,2,2,1,0,2,1,1,1,1,0,1,2,0,0,0,0,1,0,0,0,0,1,1,1,2,2,0,0,0,0,0,0,1,1,1,1,1,1,1,1,0,0,0,0,1,0,2,1,0,0,1,1,1,1,1,1,1,2,0
VA1,VA1_27,0.317,11,67,1,1,1,0,1,0,1,1,1,1,2,1,0,0,1,0,0,0,0,0,0,0,0,1,1,1,1,1,1,1,1,2,0,0,1,1,2,2,0,2,2,2,1,1,1,1,1,0,1,0,2,2,0,1,1,1,1,1,1,1,2,2,1,2,2,1,1,0,1,2,0,0,0,0,1,2,0,0,2,2,2,1,0,1,0,2,2,2,1,2,2,2,1,1,0,2,0,0,0,0,1,2,2,2,0,0,0,0,0,0,0,0,0,0,0,1,1,1,2,2,2,2,2,2,1,1,2,0,0,0,1,2,0,0,2,0,0,0,1,1,1,2,2,0,2,2,2,1,0,2,2,2,0,1,1,0,0,2,2,2,2,2,1,1,1,0,2,0,1,0,2,2,1,1,2,0,0,1,1,1,1,0,1,1,1,1,0,0,0,1,0,2,0,2,2,2,2,2,2,0,0,0,0,0,2,0,0,0,0,1,1,1,1,1,1,0,0,2
QC32,QC32_161,0.365,11,73,2,0,0,1,2,1,1,1,1,1,0,0,1,1,1,2,1,1,2,2,2,2,2,0,2,0,1,1,1,1,0,1,0,0,1,1,0,0,0,0,0,0,1,1,0,0,1,1,0,0,1,1,2,0,1,0,0,1,1,1,0,0,2,0,0,0,0,0,1,1,1,1,1,1,0,2,0,0,0,0,0,0,1,0,2,0,1,1,2,1,1,1,0,1,0,0,2,2,1,0,0,1,1,1,1,1,1,1,1,1,1,1,1,1,1,1,0,0,2,1,1,1,1,1,1,1,0,2,2,1,1,1,1,1,1,0,1,2,1,1,1,1,1,1,1,1,0,1,0,0,0,0,2,0,0,0,0,1,1,1,1,0,1,1,2,1,2,0,1,0,1,1,0,0,2,1,2,0,0,1,2,0,1,1,2,0,1,1,0,0,0,0,2,0,0,0,0,0,0,1,1,1,1,1,0,0,1,2,2,1,1,1,1,1,1,0,0,0
QC93,QC93_41,0.279,10,66,0,0,0,1,1,1,1,0,2,0,2,2,2,1,2,0,1,2,1,1,1,1,1,2,1,1,1,1,1,1,1,1,2,2,2,2,1,1,0,2,2,2,2,2,2,2,0,0,0,1,1,1,0,2,1,1,1,1,1,1,0,1,1,0,0,1,1,2,1,0,0,0,0,0,1,1,1,1,1,0,2,1,2,2,2,1,1,1,1,0,1,0,2,1,2,1,2,2,1,1,1,1,1,1,1,1,1,1,1,1,1,1,1,0,0,1,0,1,0,1,1,1,1,1,0,0,1,1,1,0,0,0,0,2,0,0,0,2,0,0,0,1,0,2,2,2,1,1,1,2,2,2,2,0,1,1,0,0,0,0,0,1,1,0,2,2,2,1,1,2,1,0,2,2,0,1,1,2,2,2,1,1,1,0,1,0,0,0,1,1,2,2,0,2,2,2,2,2,2,1,1,1,1,0,0,2,1,1,1,0,1,1,1,1,1,0,0,2
VA2,VA2_25,0.313,11,67,0,2,2,0,0,1,0,2,0,1,0,1,0,1,0,1,1,1,1,1,1,1,1,1,0,2,1,1,1,1,1,2,0,0,0,0,2,2,1,2,2,2,1,1,2,2,0,2,1,0,1,1,0,1,1,1,1,0,1,0,0,0,1,0,0,0,0,0,1,1,1,1,1,1,1,1,0,0,1,1,0,1,0,2,0,2,2,2,1,1,1,0,2,1,2,0,1,1,2,1,1,1,1,1,1,1,1,1,1,1,1,1,1,1,1,0,1,0,1,0,0,0,0,0,1,1,2,2,2,1,1,1,2,0,1,0,2,2,1,1,1,0,0,1,1,1,0,0,0,1,1,1,1,0,2,0,1,0,0,0,0,0,2,1,1,1,0,1,0,2,1,1,0,1,1,2,1,0,0,0,1,0,2,2,2,0,1,1,2,1,0,1,1,1,1,1,1,1,1,0,0,0,0,1,2,1,2,1,1,1,1,1,1,1,1,0,0,2
VA1,VA1_297,0.235,10,76,1,1,1,2,2,1,0,0,0,1,1,2,2,0,2,0,0,1,1,1,1,1,1,0,2,0,0,0,0,0,2,2,1,1,1,1,2,2,2,2,2,2,1,1,1,1,1,1,0,0,1,1,2,0,0,2,2,2,0,1,1,1,2,2,2,1,1,2,1,0,1,1,1,1,1,0,0,0,2,2,1,0,2,1,0,0,2,2,2,1,2,1,1,0,1,2,2,2,0,0,0,1,1,2,2,2,2,2,2,2,2,2,2,2,1,2,2,1,2,2,2,1,1,1,1,1,0,1,1,1,0,0,0,1,1,1,0,2,1,1,1,1,2,0,0,1,0,1,2,1,1,1,0,0,0,1,0,1,1,1,1,0,0,0,0,0,2,1,0,0,2,2,2,2,0,1,0,1,1,0,0,1,1,0,1,1,1,1,1,0,0,2,0,2,2,2,2,2,2,0,0,0,0,0,0,1,1,1,1,2,2,2,1,1,1,1,1,1
QC93,QC93_151,0.137,9,71,0,2,2,1,1,1,0,1,0,1,1,2,0,1,2,0,2,0,0,0,0,0,1,1,1,1,0,0,0,0,2,1,2,2,1,1,1,1,0,1,1,1,0,0,1,1,1,2,0,0,1,1,0,1,2,1,1,1,1,1,0,0,0,0,0,2,2,0,0,0,1,0,0,0,0,0,0,0,2,0,2,0,2,0,2,1,1,1,0,0,0,0,0,1,1,2,0,0,1,1,0,2,2,0,2,2,2,2,2,2,2,2,2,0,0,1,0,0,0,1,1,1,1,1,1,1,0,2,2,1,0,0,2,2,1,1,0,2,0,0,0,2,0,1,0,1,0,2,0,1,1,1,0,1,0,2,2,1,1,1,1,1,1,1,1,1,1,1,1,0,0,0,2,2,0,2,2,0,0,2,0,2,0,2,1,0,1,1,2,1,1,2,0,2,2,2,2,2,2,0,0,0,0,0,0,1,2,1,1,0,1,1,1,1,1,2,2,2
VA2,VA2_15,0.284,12,68,1,1,1,0,0,1,0,2,0,2,0,1,1,1,1,0,0,0,1,1,1,1,1,1,0,2,1,2,2,1,0,1,0,0,1,1,1,1,2,1,1,1,0,0,1,1,1,2,2,0,1,1,1,1,1,1,1,0,0,1,1,1,1,0,0,0,0,0,1,1,1,1,1,1,1,0,1,1,1,1,0,1,0,1,0,1,1,1,0,1,1,0,0,1,2,1,1,1,0,1,2,0,0,1,1,1,1,1,1,1,1,1,1,1,1,0,0,0,1,2,2,0,0,0,0,0,2,2,2,1,0,0,0,0,1,1,1,2,0,0,0,0,0,1,1,1,0,0,0,2,2,2,1,1,1,0,1,0,0,0,0,1,1,1,2,2,0,1,0,1,1,0,1,1,2,2,1,0,0,0,1,0,2,0,0,1,0,0,2,2,0,1,1,1,1,1,1,1,1,0,0,0,0,2,1,2,1,1,1,2,2,2,1,1,1,0,0,1
QC32,QC32_53,0.242,11,70,1,2,2,0,1,1,0,0,1,0,1,0,2,1,2,2,0,2,1,1,1,1,1,0,1,1,1,1,1,1,1,1,1,1,1,1,0,0,2,0,0,0,1,1,0,0,1,2,0,0,0,0,1,1,0,2,2,0,0,2,1,1,0,2,2,0,0,1,1,1,1,1,1,1,0,2,0,0,1,0,1,1,0,2,1,0,1,1,0,0,1,1,1,1,0,0,2,2,2,1,0,1,1,0,2,2,2,2,2,2,2,2,2,0,0,2,2,0,1,0,0,2,2,2,2,2,1,2,2,1,2,2,0,0,1,0,0,1,0,0,0,0,2,0,1,1,0,2,1,1,1,1,1,1,0,0,1,0,0,0,0,1,1,0,1,2,1,0,1,0,0,0,1,1,0,1,1,1,1,2,1,0,0,1,1,1,1,1,1,1,2,2,0,2,2,2,2,2,2,2,2,2,2,1,1,0,1,1,1,1,1,1,1,1,1,0,0,1
VA2,VA2_118,0.276,12,71,0,1,1,0,0,1,0,2,0,1,1,1,0,1,1,1,0,0,0,0,0,0,0,1,1,1,1,1,1,1,0,2,0,0,0,0,1,1,1,1,1,1,1,1,1,1,0,2,1,1,0,0,1,0,2,1,1,0,1,0,1,1,1,0,0,0,0,0,1,0,1,1,1,1,1,0,1,1,2,0,1,1,0,0,1,1,1,1,1,1,1,1,2,1,2,1,1,1,0,1,2,0,0,0,0,0,0,0,0,0,0,0,0,1,1,1,1,1,0,1,1,0,0,0,0,0,1,1,1,1,1,1,2,0,1,1,1,2,1,1,1,1,1,2,0,0,1,1,0,1,1,1,1,1,1,0,0,1,1,1,1,1,1,1,2,1,0,1,0,1,2,1,2,2,1,2,0,0,0,0,2,0,2,2,0,2,0,0,2,2,0,1,1,1,1,1,1,1,1,1,1,1,1,1,1,1,2,1,1,1,1,1,1,1,1,2,2,0
VA2,VA2_238,0.322,11,77,0,0,0,1,0,1,0,2,0,1,2,1,1,1,1,1,1,2,0,0,0,0,0,0,0,1,0,0,0,0,1,2,2,2,1,1,0,0,2,2,2,2,1,1,1,1,0,2,0,0,0,0,1,1,0,0,0,0,1,1,1,1,1,1,1,0,0,1,0,0,0,1,1,1,1,1,1,1,1,1,0,2,1,2,1,1,2,2,1,2,2,2,2,2,1,2,1,1,0,1,2,1,1,0,2,2,2,2,2,2,2,2,2,2,2,0,1,0,1,2,2,0,0,0,1,1,0,1,1,1,0,0,0,1,0,1,1,1,2,2,2,1,1,1,0,1,2,0,0,2,2,2,2,0,1,0,1,0,0,0,0,0,0,1,0,0,2,1,1,2,0,1,1,1,1,1,2,1,1,0,1,1,1,2,0,2,1,1,0,1,0,0,2,0,0,0,0,0,0,1,1,1,1,0,2,0,0,1,1,1,0,0,0,0,0,0,0,2
VA2,VA2_90,0.291,10,69,2,1,1,0,0,1,0,2,0,1,1,0,2,1,2,0,2,0,0,0,0,0,0,0,0,2,1,1,1,1,0,0,0,0,0,0,2,2,1,0,0,0,0,0,2,2,1,2,2,0,1,1,1,0,0,2,2,2,0,1,0,0,2,1,1,0,0,0,0,0,0,1,1,1,1,0,1,1,0,1,2,2,2,1,1,1,2,2,2,0,0,1,1,0,1,0,0,0,1,2,2,0,0,0,1,1,1,1,1,1,1,1,1,1,1,1,0,1,1,1,1,1,1,1,1,1,0,0,0,0,1,1,0,0,0,1,2,1,1,1,1,1,0,2,0,0,1,1,1,0,0,0,1,1,1,1,1,1,1,1,1,0,1,2,0,0,0,1,1,1,2,1,1,1,0,1,1,2,2,1,0,1,1,1,0,2,0,0,2,1,0,1,1,1,1,1,1,1,1,0,0,0,0,0,1,0,0,1,1,1,1,1,0,0,0,0,0,2
VA1,VA1_113,0.199,10,69,2,1,1,1,0,1,0,2,2,2,1,1,0,1,1,1,1,2,0,0,0,0,0,2,1,0,0,0,0,0,1,1,0,0,1,1,0,0,2,0,0,0,2,2,0,0,1,1,2,0,0,0,1,0,0,2,2,2,0,2,1,1,1,1,1,2,2,1,1,1,0,2,2,2,2,1,0,0,1,0,2,0,1,0,1,1,2,2,2,1,2,0,0,0,0,1,2,2,0,2,0,1,1,1,0,0,0,0,0,0,0,0,0,0,0,0,2,0,0,2,2,2,2,2,1,1,1,2,2,1,2,2,0,1,0,0,0,0,1,1,1,0,0,2,1,1,1,1,1,1,1,1,0,1,1,0,0,2,2,2,2,1,1,1,0,0,1,2,1,0,1,2,1,1,2,2,1,1,1,1,0,2,0,2,0,2,2,2,1,2,1,0,2,0,0,0,0,0,0,2,2,2,2,0,1,1,1,1,1,1,0,0,0,0,0,1,1,0
VA2,VA2_428,0.305,9,83,0,0,0,0,0,1,0,0,1,2,0,0,1,1,1,1,2,2,2,2,2,2,2,1,0,2,0,0,0,0,0,1,0,0,0,0,1,1,1,2,2,2,0,0,1,2,1,0,1,1,0,0,1,0,1,0,0,1,1,0,0,0,1,1,1,1,1,0,1,2,0,2,2,2,1,0,2,2,1,0,0,0,1,1,1,1,1,1,1,0,2,1,2,2,1,0,2,2,1,1,1,0,0,1,2,2,2,2,2,2,2,2,2,2,1,1,0,1,2,0,0,2,2,2,1,1,0,0,0,0,0,0,1,1,0,0,1,0,1,1,1,0,2,0,0,0,2,1,2,0,0,0,0,2,1,1,1,1,1,1,1,1,1,0,2,0,0,0,0,1,1,2,2,2,2,2,1,0,0,2,1,2,0,0,0,2,0,0,0,0,1,1,1,1,1,1,1,1,1,0,0,0,0,2,0,2,0,2,2,2,1,1,1,1,1,0,0,1
QC93,QC93_370,0.283,8,78,1,0,0,1,0,0,2,0,2,2,0,2,2,0,0,2,0,2,0,0,0,1,0,2,1,1,1,1,1,1,1,0,1,1,1,1,1,1,0,1,1,1,2,2,1,1,1,2,2,1,1,1,1,1,0,0,0,0,1,1,0,0,1,1,1,0,0,0,1,0,0,0,0,0,1,1,1,0,0,0,1,0,1,1,0,1,0,0,2,1,2,0,1,0,0,0,2,2,1,0,0,1,0,2,1,1,1,1,1,1,1,1,1,0,0,0,0,1,1,1,1,2,2,2,2,2,0,2,2,0,1,1,1,0,0,0,1,0,1,1,1,0,1,1,1,1,2,0,1,0,0,1,1,1,2,2,2,0,0,0,0,1,2,1,1,1,0,0,1,0,0,0,1,1,1,2,0,1,1,0,0,2,0,0,0,2,1,1,1,1,0,2,0,2,2,2,2,2,2,1,1,1,1,0,0,2,1,0,0,2,0,0,0,0,0,1,1,1
NC,NC_240,0.306,9,75,1,2,2,1,0,2,0,1,2,0,1,0,2,2,1,0,2,1,0,0,0,0,0,2,1,1,1,1,1,1,1,1,2,2,1,1,1,1,2,1,1,1,0,0,1,1,1,0,0,1,2,2,0,2,1,1,1,1,1,1,1,1,2,0,0,0,0,1,1,2,2,1,1,1,2,1,0,0,0,2,0,2,2,1,1,1,1,1,0,0,1,2,1,2,0,0,0,0,2,2,0,0,0,1,1,1,1,1,1,1,1,1,1,0,0,0,1,0,2,1,1,0,0,0,0,0,2,0,0,0,0,0,2,0,2,1,1,0,0,0,0,1,2,0,1,1,1,1,1,0,0,0,0,1,0,2,0,2,2,2,2,1,1,1,1,1,0,0,1,1,2,2,2,2,1,2,0,2,2,1,1,2,0,1,0,2,1,1,2,1,2,0,2,0,0,0,0,0,0,0,0,0,0,0,1,2,2,1,1,0,0,0,0,0,0,0,0,1
VA2,VA2_342,0.323,8,78,2,1,1,1,0,0,0,2,0,1,1,0,1,1,0,1,1,0,1,1,1,1,1,1,0,1,2,2,1,2,0,2,2,2,0,0,2,2,2,0,0,0,0,0,0,0,0,1,1,1,1,1,1,0,2,0,0,1,2,0,1,1,0,1,1,1,1,0,1,0,2,0,0,0,0,2,1,1,2,1,2,1,0,0,0,1,0,0,1,1,0,1,1,0,1,2,0,0,1,1,0,0,0,0,1,1,1,1,1,1,1,1,1,0,0,2,2,1,1,0,0,0,0,0,2,2,2,0,0,0,0,0,0,1,2,1,1,2,1,1,1,0,2,0,0,1,1,0,0,1,1,1,2,2,1,0,1,0,0,0,0,1,1,0,1,1,0,2,0,2,0,0,2,1,1,1,1,0,0,2,0,0,2,0,1,1,2,2,2,2,0,0,2,0,0,0,0,0,0,0,0,0,0,1,1,0,2,1,1,1,2,2,2,2,2,2,2,0
VA2,VA2_127,0.289,9,71,1,0,0,1,0,1,0,1,2,1,1,0,1,0,1,2,1,2,2,2,2,2,2,1,1,1,0,0,0,0,0,2,1,1,1,1,2,2,1,2,2,2,0,0,1,1,1,2,2,1,1,1,1,1,1,0,0,1,0,2,0,0,1,1,1,1,1,2,1,0,1,1,1,1,0,1,2,2,1,0,0,1,1,0,1,0,2,2,1,0,2,0,2,2,0,1,1,1,1,0,1,1,1,1,1,1,1,1,1,1,1,1,1,1,1,1,0,0,2,0,0,0,0,0,1,1,0,1,1,0,2,2,1,1,1,0,1,2,1,1,1,0,1,1,0,0,2,0,1,0,0,0,0,1,2,2,2,0,0,0,0,1,1,2,1,1,2,1,0,0,1,0,1,1,1,1,1,0,0,1,1,1,1,0,1,1,1,1,0,0,0,2,0,1,2,2,2,2,2,1,1,1,1,1,1,1,0,1,1,2,0,0,0,0,0,1,1,1
VA2,VA2_116,0.258,11,70,0,1,1,0,0,1,0,1,1,0,1,0,2,0,1,0,1,1,2,2,2,2,2,2,0,2,0,0,0,0,0,2,0,0,1,1,2,2,1,0,0,0,1,1,1,1,1,1,2,0,2,2,1,1,0,1,1,1,1,0,2,2,2,2,2,2,2,0,0,0,0,2,2,2,2,0,2,2,2,0,0,2,1,0,0,0,0,0,0,0,1,2,0,0,2,1,1,1,2,0,2,1,1,0,1,1,1,1,1,1,1,1,1,2,2,1,0,1,2,0,0,1,1,1,0,0,1,1,1,2,2,2,0,1,0,0,1,0,2,2,2,1,1,1,0,0,1,1,1,0,0,1,0,0,1,2,2,2,2,2,2,1,0,1,2,0,2,0,1,2,2,2,2,2,1,1,0,2,2,0,2,0,1,0,1,1,0,0,1,1,0,1,1,1,1,1,1,1,1,0,0,0,0,2,2,0,0,2,2,2,0,0,0,0,0,0,0,2
QC93,QC93_94,0.251,12,71,0,1,1,1,2,1,1,1,2,1,2,1,1,1,2,0,1,1,0,0,0,0,0,1,1,1,2,2,2,2,0,1,2,2,2,2,2,2,0,1,1,1,0,0,0,0,1,1,1,1,1,1,0,1,0,0,0,1,1,1,2,2,0,0,0,2,2,1,0,1,1,1,1,1,1,1,0,0,1,0,1,0,2,1,1,1,2,2,1,1,1,0,0,0,1,1,0,0,1,1,0,1,1,1,2,2,2,2,2,2,2,2,2,1,1,1,0,0,0,1,1,0,0,0,0,1,0,2,2,0,0,0,0,2,1,1,0,1,0,0,0,1,0,0,2,2,1,0,1,2,2,2,1,1,0,0,2,1,1,1,1,1,0,1,1,2,1,1,0,0,1,0,0,0,0,2,1,0,0,1,0,2,0,0,0,1,1,1,1,1,1,1,1,1,1,1,1,1,1,0,0,0,0,1,0,1,0,1,1,0,1,1,1,1,1,1,1,1
QC93,QC93_105,0.231,12,71,0,1,1,2,1,1,2,0,2,1,2,2,1,1,2,0,1,1,0,0,0,0,0,1,1,1,1,1,1,1,1,1,2,2,2,2,0,0,0,2,2,2,2,2,1,1,1,0,1,1,1,1,2,0,1,1,1,0,2,0,0,0,1,0,0,2,2,2,1,2,0,1,1,1,0,1,1,1,0,0,2,1,1,1,1,1,1,1,1,0,1,0,0,1,2,1,2,2,0,1,1,1,1,1,2,2,2,2,2,2,2,2,2,1,1,1,0,1,0,1,1,0,0,0,1,1,1,1,1,0,1,1,2,2,0,1,0,2,1,1,1,1,0,2,2,2,0,0,1,2,2,2,2,0,1,2,2,0,0,0,0,0,1,0,1,2,1,2,0,1,0,0,2,2,0,2,1,2,2,1,1,1,1,1,0,1,2,2,1,2,1,1,1,1,1,1,1,1,1,0,0,0,0,0,0,0,1,1,1,0,1,1,1,1,1,0,0,2
VA2,VA2_87,0.291,11,70,1,2,2,0,1,0,0,1,0,1,0,2,2,0,1,1,1,1,2,2,2,2,2,1,0,2,0,0,0,0,1,0,0,0,0,0,1,1,1,2,2,2,1,1,1,1,0,1,1,0,1,1,1,1,1,1,1,1,0,1,1,1,0,2,2,0,0,1,1,0,0,1,1,1,1,1,2,2,1,2,1,1,0,1,0,0,2,1,1,0,2,1,1,1,1,1,0,0,0,0,1,1,1,0,1,1,1,1,1,1,1,1,1,2,2,2,2,2,0,0,0,0,0,0,2,2,0,2,2,1,0,0,1,1,0,1,1,1,2,2,2,1,0,2,0,0,2,0,0,0,0,0,1,1,2,0,1,1,1,1,1,1,0,1,2,1,0,2,1,2,1,1,0,1,1,1,2,1,1,0,1,0,2,0,1,0,1,1,2,2,1,1,1,1,1,1,1,1,1,1,1,1,1,2,0,2,0,1,1,2,1,1,0,0,0,0,0,2
QC93,QC93_142,0.305,9,71,0,1,1,1,2,1,0,0,2,2,1,2,1,0,0,1,1,2,1,1,1,1,1,2,1,1,1,1,1,2,0,0,1,1,1,1,1,1,0,1,1,1,2,2,0,0,1,2,2,1,1,1,2,0,1,1,1,0,2,0,1,1,1,1,1,0,0,1,0,0,0,1,1,1,1,1,1,1,0,0,1,1,0,0,0,0,0,0,2,1,2,0,1,0,0,0,1,1,0,0,1,0,0,1,2,2,2,2,2,2,2,2,2,0,0,1,1,1,0,1,1,1,1,1,2,2,2,2,2,0,0,0,0,0,0,0,2,0,1,1,1,1,1,1,1,1,2,1,2,1,1,2,1,0,1,0,2,0,0,0,0,2,1,1,2,1,0,0,2,0,0,0,1,1,1,1,0,1,1,0,2,2,0,0,0,2,2,2,0,0,0,2,0,2,2,2,2,2,2,1,1,1,1,0,0,1,0,0,0,2,0,0,0,0,0,2,2,1
VA1,VA1_204,0.348,9,75,1,1,1,0,0,0,1,2,1,1,0,1,1,2,1,1,2,2,0,0,0,0,0,1,0,2,2,2,2,2,0,2,2,2,1,1,1,1,1,1,1,1,0,0,0,0,1,1,0,0,0,0,0,1,1,1,1,1,1,1,1,1,0,2,2,1,1,1,1,0,0,2,2,2,2,2,1,1,2,1,1,0,1,1,0,2,0,0,1,0,2,2,0,0,1,1,0,0,1,2,1,0,0,1,1,1,1,1,1,1,1,1,1,1,1,1,0,1,1,2,2,2,2,2,1,1,0,0,0,1,1,1,1,0,0,1,0,1,2,2,2,1,0,2,0,0,2,0,0,0,0,0,0,2,1,1,1,1,1,1,1,1,1,0,0,0,0,2,1,0,0,0,1,1,0,2,2,1,1,0,0,0,1,1,1,0,1,1,2,2,1,2,0,2,2,2,2,2,2,1,1,1,1,0,1,2,1,1,1,2,0,0,1,1,1,1,1,1
QC93,QC93_248,0.304,7,73,1,0,0,1,1,1,1,2,1,0,2,2,1,1,1,1,1,2,1,1,1,1,1,0,0,1,0,0,0,0,1,2,0,0,0,0,1,1,1,1,1,1,0,0,2,2,1,1,2,0,0,0,1,1,0,0,0,0,1,1,0,0,0,0,0,1,1,1,0,0,2,2,2,2,1,2,0,0,2,2,1,2,1,0,1,1,1,1,1,1,2,1,2,1,1,1,1,1,1,1,2,0,0,1,1,1,1,1,1,1,1,1,1,2,2,1,1,1,1,1,1,0,0,0,1,1,0,0,0,0,0,0,1,1,1,0,1,2,2,2,2,2,2,0,0,1,1,1,0,2,2,2,1,0,1,0,1,1,1,1,1,1,0,0,1,1,1,1,1,2,1,0,1,1,2,1,2,1,1,0,1,0,2,2,1,1,2,2,0,1,0,1,1,1,1,1,1,1,1,1,1,1,1,1,1,0,1,0,0,0,1,1,1,1,1,1,1,0
VA2,VA2_35,0.28,12,68,1,0,0,1,0,1,1,1,0,2,0,1,2,0,1,1,2,0,1,1,1,1,1,2,0,1,0,0,0,0,0,2,0,0,1,1,1,1,2,2,2,2,0,0,2,2,1,0,2,0,1,1,1,1,1,2,2,0,1,1,1,1,1,0,0,0,0,0,1,0,0,1,1,1,0,0,2,2,1,0,2,2,0,1,0,2,0,0,1,1,0,2,0,0,1,2,1,1,1,0,2,1,1,0,2,2,2,2,2,2,2,2,2,2,2,2,0,0,1,1,1,1,1,1,1,1,0,0,0,1,1,1,1,0,0,1,2,1,1,1,1,1,0,2,0,1,0,0,0,0,0,1,1,1,1,1,2,1,1,1,1,1,0,1,1,0,0,1,1,2,2,1,1,0,0,1,1,2,2,0,1,0,2,1,0,2,0,0,1,2,0,1,1,1,1,1,1,1,1,1,1,1,1,1,2,0,0,2,2,2,1,1,1,1,1,0,0,2
VA2,VA2_88,0.23,12,71,1,1,1,0,0,1,0,2,0,0,1,1,0,1,1,1,0,0,1,1,1,1,1,0,1,1,0,0,0,0,0,2,0,0,1,1,1,1,1,1,1,1,1,1,1,1,0,0,2,0,1,1,1,1,1,0,0,0,1,0,1,1,1,0,0,0,0,0,1,1,2,1,1,1,1,0,1,1,1,1,1,1,0,1,0,0,1,1,1,1,1,0,2,1,2,1,1,1,1,1,2,1,1,0,1,1,1,1,0,1,1,1,1,1,1,1,0,0,0,2,2,0,0,0,1,1,2,2,2,1,1,1,0,0,2,1,1,2,1,1,1,1,1,0,0,0,0,0,0,2,2,2,1,1,1,0,0,0,0,0,0,0,2,2,1,1,0,1,0,1,1,2,0,0,1,2,2,0,0,0,2,0,2,1,0,2,1,1,2,1,0,1,1,1,1,1,1,1,1,2,2,2,2,2,1,1,2,1,1,1,1,1,1,1,1,1,1,2
VA2,VA2_23,0.232,12,68,1,1,1,0,0,0,0,2,0,1,0,1,2,1,0,0,1,1,1,1,1,1,1,1,1,1,1,1,1,2,0,1,0,0,0,0,1,1,1,2,2,2,0,0,1,1,0,2,2,1,0,0,2,0,0,1,1,0,1,0,1,1,2,0,0,0,0,0,1,1,0,1,1,1,1,1,0,0,1,1,0,1,0,1,1,1,1,1,1,1,1,1,2,1,2,1,0,0,0,1,1,1,1,0,0,0,0,0,0,0,0,0,0,1,1,2,0,1,0,1,1,0,0,0,0,0,2,2,2,1,1,1,1,0,0,1,1,2,0,0,0,0,0,2,0,0,0,2,0,1,1,1,1,0,2,0,0,1,1,1,1,1,1,1,2,1,0,1,1,2,1,1,1,1,1,2,1,0,0,0,1,0,2,1,0,2,1,1,2,2,0,1,1,1,1,1,1,1,1,1,1,1,1,1,1,2,1,1,1,2,1,1,0,0,0,2,2,2
VA2,VA2_125,0.252,9,71,1,2,2,0,0,0,0,2,0,1,1,1,1,1,1,0,0,0,1,1,1,1,2,1,0,2,0,0,0,0,1,1,0,0,1,1,1,1,2,1,1,1,1,1,1,1,1,2,2,1,0,0,0,2,0,0,0,0,1,0,1,1,2,0,0,0,0,0,1,0,0,1,1,1,1,0,1,1,2,1,0,1,0,1,0,2,2,2,0,1,1,0,2,1,2,2,1,1,0,1,2,0,0,0,0,0,0,0,0,0,0,0,0,1,1,1,0,0,0,2,2,0,0,0,1,1,0,2,2,1,0,0,0,0,0,1,1,2,1,1,1,0,0,2,1,1,1,1,0,2,2,2,1,0,1,0,1,0,0,0,0,0,0,1,2,2,0,1,0,2,1,0,1,1,2,2,1,0,0,0,2,0,2,1,0,2,0,0,2,1,0,1,1,1,1,1,1,1,1,1,1,1,1,2,1,2,0,1,1,1,2,2,1,1,1,1,1,1
VA2,VA2_352,0.271,9,79,0,0,0,0,0,1,0,0,1,1,1,1,1,0,0,1,2,1,2,2,2,2,2,2,0,2,0,0,0,0,2,1,0,0,0,0,0,0,1,1,1,1,0,0,2,2,1,0,1,0,2,2,0,1,2,1,1,0,1,1,0,0,2,1,1,0,0,0,2,0,1,2,2,2,2,0,2,2,2,1,0,1,0,1,1,0,2,2,1,0,1,0,2,1,2,0,1,1,2,0,2,1,1,0,1,1,1,1,1,1,1,1,1,0,0,1,1,1,2,0,0,1,1,1,2,2,2,1,1,0,1,1,0,0,1,1,2,1,0,0,0,0,0,2,1,1,0,0,0,1,1,1,1,1,1,1,1,1,1,1,1,1,1,0,1,1,0,2,1,1,2,2,2,2,1,1,1,0,0,0,1,0,2,0,1,0,0,0,0,0,0,1,1,1,1,1,1,1,1,1,1,1,1,2,1,0,0,2,2,2,1,1,1,1,1,0,0,2
